municipality,Nominal_Power_kW
1,477.32922401647744
2,2456.219577038997
3,614.5080962019599
4,644.3390916361549
5,678.6342994448976
6,350.82174382559185
7,335.7214863205188
8,206.39063473198814
9,1262.9521136723706
10,804.9703006136741
11,453.63272080938134
12,233.20708418108956
13,414.81238604304536
14,1888.829648537797
21,179.16259145390745
22,735.6907785982819
23,206.05948175501004
24,176.74964703434622
25,330.12639498824075
26,149.84946306675454
27,368.4205719233463
28,181.76681397903866
29,2436.8128250707623
30,1530.9280282892064
31,353.12533497782533
32,106.46813000339125
33,566.713821637084
34,530.6411906304575
35,491.7258819439526
37,338.10197481779323
38,202.5395332871234
39,232.1808096536969
40,490.8138798028494
41,107.68439917352667
43,149.40118615666137
51,388.1797924208635
52,1689.1591403005764
53,2592.2001531580377
54,876.3988653475373
55,1128.980813814131
56,3651.627070561314
57,358.3016841979404
58,748.0621185549645
59,236.93722023729472
60,442.78746084034594
61,250.20696900557485
62,1717.7662037526452
63,365.7599103465813
64,812.7179571260199
65,182.34069238175465
66,2551.823696072367
67,1408.212714295244
68,484.1071670441588
69,1429.759195855129
70,98.74634819641562
71,398.9978993597276
72,676.8400114518007
81,206.51656517107955
82,168.2051995194974
83,717.691551492245
84,736.8264098955717
85,279.4267449995798
86,3473.899683580672
87,96.18774892675671
88,459.12638009061806
89,518.8206624833783
90,905.308854172829
91,444.79714863623053
92,868.6430958556534
93,268.597284101856
94,445.978387216631
95,59.29079524177637
96,1963.3343938825874
97,2098.482480486121
98,148.28533294945757
99,246.70216127589924
100,901.7471845501655
101,652.569230486945
102,310.4194721005704
111,1110.4461991193161
112,2229.633455635113
113,1211.1049241738492
114,584.6327963714552
115,1786.8077900541596
116,653.2247272792849
117,2582.1886396546533
118,1466.0208916385
119,321.86777714549623
120,2877.3448559801955
121,3756.557940240301
131,1453.106507016617
135,1151.1396842496708
136,1241.1405795202936
137,704.8664925846501
138,1652.4720064860815
139,795.3227563271961
141,1654.97825869118
151,1365.8039023609213
152,1079.719730616074
153,1907.7067092875036
154,2040.3153746989685
155,1537.7888538995437
156,1789.6724409616716
157,650.0741418115961
158,1759.012998116877
159,1104.2699996134852
160,887.7647906872061
161,1596.023008056761
172,764.314006474997
173,695.0093715975498
176,2630.9827102196855
177,1595.0797817928144
178,986.3144420019331
180,683.0247467572933
181,399.38352164620045
182,346.7995762155009
191,4076.361692668115
192,1386.6731094539805
193,864.8501647547238
194,437.9555545735087
195,1748.0047072417742
196,1201.7624520588383
197,2637.549750886148
198,6045.083189297901
199,2013.4744418297175
200,913.0863770101192
211,256.10476911003184
213,397.2633981050898
214,359.3778615409549
215,207.54043279455655
216,374.4785928822523
218,174.4495247775202
219,1273.3832697258263
220,244.84429273680098
221,440.46289174430314
223,984.0969756963915
224,315.0484517376469
225,516.4057256635332
226,249.6744291390137
227,1125.7183717304174
228,1034.7800820318628
230,13511.72799331701
231,1916.97912831889
241,240.39083950768358
242,1623.4633666178788
243,3880.795645243832
244,553.253341338637
245,530.3810119794803
246,375.54624611944234
247,1221.2302414046574
248,853.4377237460369
249,434.19956892931873
250,2136.0453085253403
251,512.3820257987064
261,26575.13571764793
292,1461.6017146905829
293,3541.972403149619
294,1111.608198361408
295,4490.510962531966
296,2266.6259973708925
297,1482.1588307348459
298,1319.1980920685467
301,2412.9548873419944
302,501.36955576863556
303,1017.227351059407
304,744.3618992298087
305,356.96816319186826
306,2494.598498579521
307,501.42674249364126
309,455.7155705404817
310,1224.6521808529824
311,878.7645884989604
312,886.5601457440007
321,1090.7476035321583
322,135.41543094697627
323,150.7077688686139
324,279.52978947264893
325,22.6722544935513
326,203.38263391990753
329,2281.2973769436317
331,519.5694251309221
332,2109.180918299715
333,247.0617305496297
335,54.64255334194052
337,757.5200081507201
338,292.37535466168595
339,68.44847624315447
340,175.762523252233
341,162.0741298215347
342,774.1193337356631
344,340.8774891127924
345,409.7361538322034
351,8483.031963483674
352,847.1533576114352
353,486.21101968838184
354,636.1795641473449
355,6037.92055849598
356,1651.6213438169316
357,181.39364697835552
358,535.3301742565144
359,1391.0989424171128
360,2041.3587729837732
361,2247.8666024638924
362,1122.0050844951372
363,1467.6141392949717
371,4777.146678956567
372,544.5497730366476
381,549.8218746777073
382,178.5706942031534
383,1524.7899366437236
385,409.8345203033945
386,183.84193023108475
387,893.7181552751586
388,322.3138696981995
390,296.37262061791563
391,358.55926077034536
392,1511.1003808820137
393,126.76438254879916
394,172.55845858790656
401,225.58907019765022
402,131.6718668061033
403,267.69454332021166
404,3942.689560515296
405,613.8975319250092
406,1034.564543348392
407,487.2822574808164
408,30.594021064413887
409,576.086943451595
410,108.84346133670294
411,94.90316427779302
412,834.1880173474154
413,539.676884836146
414,784.4229793292991
415,254.60437925679068
418,395.9209167439515
420,1004.912956834595
421,85.88167235009837
422,45.25582290615727
423,74.08594145967153
424,637.414611666476
431,440.2941064740612
432,107.76572382219501
433,1432.422279858879
434,379.8771513305295
435,62.079018376749424
437,20.966490616823954
438,283.21062067728553
441,141.3208764762303
442,54.424575905823694
443,1189.2949778236775
444,1920.3595771220935
445,253.24556511069125
446,1020.7636314523035
448,151.48122437328445
449,201.87264470334918
450,581.7759748028259
491,238.4805273563921
492,194.75660997633605
493,147.43708395586765
494,294.4151984785136
495,280.1583879438315
496,1935.8585897783141
497,179.3268070770137
498,432.6513667576619
499,206.21069059411954
500,222.34729836012917
501,142.15748321511032
502,295.17064293816145
533,738.7465894280325
535,30.738976506189093
536,69.89255932402062
538,1353.7058144945565
540,1977.6692350457542
541,89.62802858974793
543,163.1857014302927
544,502.3353710296283
546,1526.8975638878717
551,1681.4849805437384
552,1121.977278709651
553,62.96480124974599
554,234.28179657627425
556,1286.8320796979008
557,103.88838388570463
561,1715.539383360595
562,1127.1090123915153
563,2315.6662577795423
564,300.9781135118706
565,477.777142352522
566,196.75750753599073
567,1521.6076686936813
571,573.8054230386474
572,501.42723252253825
573,1404.2529548398577
574,135.72790826349444
575,98.79367244043019
576,2699.0921808966705
577,128.34662101989326
578,155.33135133339172
579,269.3518037576119
580,177.10434209001562
581,1006.2745033084628
582,202.39188692525957
584,1556.1229161177423
585,262.38681513533885
586,116.30087903635614
587,1018.6143138272914
588,96.74236973882824
589,133.4651223191519
590,632.4016070981523
591,66.58857133216932
592,294.17926097727036
593,2630.6992698242634
594,673.1263154779298
602,320.4558098085463
603,505.18917855256416
605,439.72720458387806
606,98.9301168009898
607,61.423191013175334
608,912.3309652046132
609,83.07530017556766
610,79.86474033242598
611,226.78691029938992
612,2487.404397679644
613,206.16553397913304
614,480.62189142039654
615,101.0115170011754
616,2071.329562909505
617,140.6851737807807
619,786.7408765211634
620,232.448271765482
622,176.54671407693462
623,924.6040236545782
626,388.60146825212354
627,3461.1605763273014
628,462.7088122653404
629,68.06246681550844
630,175.42684945206722
632,829.3817110124749
662,401.6304172441091
663,227.3269806336879
665,86.76274592629376
666,98.92765467249498
667,600.6264999554439
668,1568.714838163382
669,52.85412621632392
670,1193.29058243491
671,71.0024568881262
681,89.90837422833987
683,47.44399502959371
687,53.45611405645048
690,323.8015549577456
691,186.49604327053981
692,89.79333300982228
694,136.9623968326297
696,1985.627427648215
700,1651.1723258249558
701,98.46321535678928
703,422.31267551037286
704,68.39120034600195
706,216.03079155593286
707,23.809799785639473
711,105.31066401636207
713,513.2863677366628
716,191.17207291173543
717,686.066517012366
723,1023.1686582787861
724,256.3805057135938
726,660.6640489445766
731,335.4722146866422
732,485.95911189732465
733,582.8501285112528
734,87.02154427295852
735,152.13526960753762
736,171.62145796063783
737,65.68771087296088
738,102.05388557664274
739,453.6982954799529
740,108.9581381720061
741,131.92164605687947
742,234.3842645620414
743,621.4116324052998
744,465.4270390628667
745,458.97009032518724
746,408.58640630456983
747,129.64706602539002
748,214.94823434176652
749,1258.9612080211746
750,249.91486627914335
751,816.146413418317
754,305.9359000071504
755,338.4744499084502
756,252.21922972106637
761,340.5221027829073
762,1214.9881911202895
763,985.3341422407483
766,448.95031465525426
767,347.10003718437235
768,4254.946485704309
769,659.7664347928909
770,261.06037133553707
782,172.35215831534725
783,742.8093310273103
784,728.4937888093858
785,2043.2745872105645
786,253.7074707493194
791,702.0020062594416
792,2355.837528058228
793,569.293534321315
794,2403.438569007222
841,506.2973185819103
842,481.6953935803552
843,3786.4838451034366
852,540.1483445181631
853,571.080658902976
855,2531.7576871606657
861,3547.8266821393495
863,295.0055309647308
866,365.23607340330506
867,234.09554872881031
868,18.04924190734824
869,168.0377216500889
870,503.85519732709287
872,637.9471095012514
877,162.56880214502115
879,1166.4999674910318
880,727.8130337515452
883,1514.2330466772605
884,407.9741353802921
885,286.352672900768
886,675.6263786311747
888,253.83218554117877
889,433.0461559890058
901,771.5588692550525
902,3332.046247822163
903,1826.231455421425
904,524.8816419689969
905,671.8720918816526
906,298.2159992669194
907,677.3641145764062
908,462.8855899268438
909,247.53837023141224
921,141.0219660970848
922,241.32289806560283
923,381.3220738426511
924,238.32039280616488
925,204.31709665780798
927,487.8414164688903
928,820.7912371714754
929,574.1940940196106
931,65.88311688371839
932,36.84298461283877
934,470.73743879788236
935,181.89129499519467
936,64.9356930905864
938,2036.3642094548322
939,4331.648000712172
940,62.55693124440476
941,392.8873440019804
942,6421.794518809435
943,149.84103523729542
944,1180.6574824898812
945,249.31044550176992
946,27.45056208419227
947,82.54214919617877
948,211.5969714482458
951,448.50747286785787
952,632.2369126691567
953,1532.955269783117
954,1580.6769585510515
955,1088.4135242819561
956,2304.4641973776515
957,2721.5681741688795
958,363.98216246077135
959,237.1328817898302
960,301.7475516987206
971,426.38696307900847
972,12.20658082821645
973,139.40457993406272
975,66.9558619451584
976,124.40109468015768
977,313.2899778242273
979,3276.673481026635
980,167.71127462284085
981,981.365338412083
982,332.00385651100316
983,282.408310144406
985,118.79171251264655
987,127.3390541705063
988,807.3495952287899
989,217.32203320664553
990,61.796339416386246
991,187.98791212585138
992,520.1434325009685
993,105.70947229355112
995,1661.31626404944
1001,201.50006825774244
1002,839.0506174962304
1004,890.5622547699911
1005,902.4382428655338
1007,102.86684386269448
1008,1233.1784909038975
1009,466.5948200007429
1010,2189.358291365542
1021,271.51265465834933
1023,408.44816421933245
1024,5413.373321900624
1025,110.98602529349102
1026,1030.499226507489
1030,2234.613610960701
1031,2104.026195466526
1032,691.0583428302376
1033,475.50721316103153
1037,389.638975583902
1039,554.7417050767795
1040,1227.8464079871583
1041,477.76056213703976
1051,839.7015253142442
1052,948.6668697123131
1053,154.3898888244864
1054,1484.6724997583606
1055,194.87396764951018
1056,202.61476163647993
1057,42.0805021982703
1058,1750.4919346917202
1059,3078.602778840641
1061,9451.137580797124
1062,2662.073164999127
1063,1267.783636109777
1064,276.6397205649064
1065,553.2615258017591
1066,549.4186254676861
1067,520.6029707020749
1068,303.93415220643425
1069,931.2507709376442
1081,2109.8385637218616
1082,286.8162712834351
1083,2700.73516509691
1084,270.7627050768132
1085,372.73365152392955
1086,802.0605937866286
1088,438.44534495288593
1089,495.67993418040425
1091,282.9524473026318
1093,1260.277176314011
1094,591.3499979924406
1095,686.6902670160457
1097,1042.4516009498102
1098,1645.0307455065738
1099,422.4475931238046
1100,317.1917733294614
1102,1563.6864338939758
1103,2251.812752759679
1104,1823.0632575174936
1107,2128.0273298759776
1121,148.1247060204408
1122,176.44494655049016
1123,386.81658638533963
1125,2813.1966977435395
1127,808.9857920780534
1128,672.578354160797
1129,1615.7534965485436
1131,130.90252723905195
1132,324.92494229502176
1135,291.5655247227297
1136,736.3282764205761
1137,424.880449856641
1139,2109.398222581354
1140,2062.813556456456
1142,130.76289752519213
1143,804.7311300205013
1145,320.895317054193
1146,319.44461288465334
1147,312.14014901138904
1150,554.5183131287537
1151,4172.613582368575
1201,1293.586650052145
1202,373.02237526205937
1203,408.21582541028744
1205,829.4873628927387
1206,681.5386248751568
1207,614.3422412932439
1208,125.76404842507884
1209,187.37920413800362
1210,52.04714502616271
1211,140.92850667931617
1212,99.33700741706318
1213,1752.584626582067
1214,420.48811561846026
1215,214.9934573819924
1216,575.1071676926665
1217,47.66184846168646
1218,98.77293730272854
1219,185.2782722056762
1220,148.69902057906822
1301,3429.449957334091
1311,470.6409172997667
1321,738.2053606684506
1322,2476.7292427538873
1323,2521.858553236887
1331,2508.6203808252353
1341,946.616730276857
1342,819.0622748965493
1343,80.6620678351163
1344,2209.051326223035
1345,699.7165050749581
1346,1172.5182781793462
1347,769.990802082226
1348,310.11761514394107
1349,810.0225402111664
1361,115.82248227352179
1362,2552.00335307525
1363,72.11997448138413
1364,1381.3274116966902
1365,599.5039925972329
1366,254.66641086297287
1367,1044.595126071836
1368,449.0058540897208
1369,8.209707262921574
1370,931.7269135333396
1371,534.5976417427948
1372,2720.568973241989
1373,540.2569822231015
1374,116.25647078185744
1375,970.4694267676351
1401,2613.1181662690865
1402,1559.080994511925
1403,1369.5277981290753
1404,2018.6163949470729
1405,1103.2179562259475
1406,2039.8285815571774
1407,2465.9805722165106
1501,936.9166567182913
1502,874.6558622142029
1503,288.6833946707478
1504,380.45788615816764
1505,859.0823510615242
1506,352.37838011289665
1507,730.1422048489562
1508,1768.8248904577515
1509,1472.746581552871
1510,531.2578411011656
1511,546.5427418423598
1630,5464.759937963256
1631,4149.577229176302
1632,2447.161684227859
1701,2582.5787116097154
1702,1806.035825196227
1703,1349.8793850713694
1704,775.0228868302397
1705,1645.308713465606
1706,1046.2049437133537
1707,3070.9032005719137
1708,3171.8011189422186
1709,2284.3698591063694
1710,602.5632359103064
1711,3538.5286095076003
2008,87.20362243721061
2011,398.49802895749
2016,229.25493345222873
2022,382.50890093328775
2025,236.84616171032408
2027,165.3993821983471
2029,655.8515559704077
2035,64.70406731864263
2038,21.645655320349668
2041,386.6037400829605
2043,78.2944897724827
2044,458.43372722457656
2045,82.11766587398112
2050,590.8072363303313
2051,158.64319697064977
2053,1764.2057110694357
2054,2168.687347538311
2055,492.5295700302075
2061,62.52476001655856
2063,184.41103567047674
2066,82.4770536189231
2067,132.00212981351726
2068,114.20143488734166
2072,114.60597774168316
2079,27.97339524597743
2086,64.04356573705343
2087,261.75374878144805
2089,60.145225421033935
2096,2153.1674733172954
2097,377.24880699010635
2099,611.9631376174059
2102,526.2813354790135
2113,544.6651112125743
2114,371.7035871390835
2115,223.01470386076943
2117,485.5391485252134
2121,441.17056809835105
2122,390.4878248786628
2123,166.89706269391195
2124,1284.926977438734
2125,4988.63902042805
2128,46.80646374600864
2129,287.77576576704087
2130,86.588804904764
2131,219.8709941459651
2134,240.78341823496345
2135,411.1257910769964
2137,127.74035607891754
2138,252.12509809975404
2140,250.7494284061039
2143,68.81197651500939
2145,362.22488137693125
2147,1655.966882752947
2148,1232.5256170886746
2149,462.19751585050113
2152,524.7209286448277
2153,314.7496135073825
2155,315.857545982017
2160,401.70942809139086
2162,318.7771263080519
2163,915.7169560941979
2173,125.5495087501732
2174,1466.9737202479175
2175,427.19221605720793
2177,2331.6237274271257
2183,406.28313557806445
2186,293.9338478203293
2194,51.853610494844055
2196,3667.282902493892
2197,292.86844733864103
2198,342.76240264099954
2200,1358.9640454204784
2206,3064.755869602265
2208,281.7675464202296
2211,330.0158535594388
2216,52.75872002792198
2217,125.05882086688344
2220,651.1507247442263
2226,285.2478752523621
2228,1336.2063658430561
2230,22.37811437997671
2233,396.2001716408535
2234,370.07787011126493
2235,307.60270177855233
2236,2697.1643808345516
2237,421.2009640813108
2238,389.1734057208625
2250,194.39425941991254
2254,1693.8460761157307
2257,245.81266178842398
2258,167.1201580837061
2261,52.43702001852799
2262,949.7650128790237
2265,1824.9169942001752
2266,100.41463529754552
2271,75.05155873467825
2272,377.08965594900735
2274,148.34018081155367
2275,2758.539874841267
2276,355.7734498462704
2278,140.48583842265154
2284,906.0312508516345
2292,56.696464333866864
2293,2178.9785397031937
2294,301.9774951921734
2295,1175.3699658683931
2296,291.96062016324464
2299,1201.7760576092464
2300,237.25325816415676
2301,271.8450930101237
2303,232.333220568477
2304,280.6034108881506
2305,716.3624139648571
2306,3385.8124045266823
2307,1124.9894164150576
2308,566.2294996393405
2309,3803.733602887296
2321,613.5196462533909
2323,621.7466170821846
2325,2071.152425701584
2328,146.79676878124178
2333,209.02959944434093
2335,171.7133802038423
2336,319.45468272446806
2337,271.3482110906365
2338,223.7204446709446
2401,2336.619167063945
2402,238.22871456775002
2403,418.0659661986745
2404,408.0107103336474
2405,154.50933139832944
2406,446.2785065411142
2407,2211.497595349271
2408,484.6121322247715
2421,171.28581702636376
2422,1958.4297514024702
2424,149.2455815890384
2425,100.8041831198564
2426,432.8769111229122
2427,278.59838950531724
2428,619.3650720564316
2430,346.0736617687605
2445,97.31020318578389
2455,245.54900323817145
2456,62.84227502626657
2457,545.2290344070113
2461,374.9076494239141
2463,36.593820700964294
2464,221.61490762229016
2465,1039.2020501622637
2471,289.7931701190479
2472,141.93018785628934
2473,1354.9064136115123
2474,154.75475481139443
2475,234.36157298972566
2476,1226.0639755342436
2477,199.72034127174012
2478,338.5059224564876
2479,251.86885804667196
2480,258.6253779747942
2481,262.6044128678765
2491,81.41684954509047
2492,251.94457087365606
2493,935.7598238160441
2495,593.0035991296603
2497,299.5608093242049
2499,289.6775897084266
2500,2139.7855625347042
2501,297.1794719168607
2502,79.41818409194347
2503,959.7288704304796
2511,275.1736494535132
2513,1151.7648550868676
2514,83.88292359931019
2516,437.0545608367574
2517,1708.1865269138034
2518,261.5727965842983
2519,613.8244673699126
2520,140.0759254459416
2523,198.87537896492023
2524,23.23092909920064
2525,187.50541247614612
2526,588.6036426665459
2527,465.7127388656613
2528,210.74068447853506
2529,164.38638934922687
2530,308.15362519465424
2532,554.2711640253718
2534,898.3995145831634
2535,230.84179397468154
2541,67.32399450014323
2542,730.8890239178108
2543,1707.0718632027638
2544,196.888544429276
2545,181.37933157205964
2546,2346.9481563706304
2547,273.4360642146476
2548,168.41552954755724
2550,3986.337486014943
2551,351.972445680565
2553,317.9063771014778
2554,447.2717782026294
2555,287.0848139833473
2556,638.5640388048793
2571,227.6123481667984
2572,499.76491448847815
2573,666.4252167855119
2574,73.9332146135913
2575,366.88565902332203
2576,1933.3925574217849
2578,351.9625377977931
2579,895.2948204255691
2580,387.21370268527795
2581,1360.8130718259292
2582,192.75418909099204
2583,564.5945717952416
2584,242.0939222588538
2585,156.4779177935315
2586,626.3768822139363
2601,1717.0501861232297
2611,294.1216099968295
2612,116.08187030648162
2613,724.9046049842514
2614,1140.2212630272793
2615,268.7103906580856
2616,163.15686763850948
2617,67.34826221921355
2618,265.3099397041482
2619,386.64073880234054
2620,123.16263083924913
2621,419.8901571396256
2622,88.53022250678731
2701,10713.555404491215
2702,183.2788193113228
2703,3708.2401679059003
2761,824.8868820658564
2762,1729.0543020146981
2763,1447.6843212099643
2764,657.7531812440869
2765,1271.135217352118
2766,1637.0999365028588
2767,849.0147609508264
2768,734.8668018648925
2769,2188.305875930305
2770,1810.8028553840627
2771,1089.9925210569136
2772,357.5272425913927
2773,1995.0867257460168
2774,291.91785408359107
2775,1850.5017066533237
2781,174.89386603797084
2782,394.19220249510755
2783,95.15429131776946
2784,244.9376577300705
2785,1084.321880290694
2786,357.9885070393406
2787,1837.4839563560545
2788,821.1891855644297
2789,160.00932131964944
2790,69.63122635434152
2791,281.42850346086607
2792,392.2760487548228
2793,416.882501057964
2821,396.5643927066096
2822,117.35955062289585
2823,1401.4045904623158
2824,2552.8411021728857
2825,600.5700756727173
2826,178.9241115521698
2827,25.870052542473744
2828,866.6726861265779
2829,2243.7672417433014
2830,334.0446256771869
2831,1354.9533437634611
2832,109.61515133226452
2833,226.23586747490592
2834,270.19763891127343
2841,180.95067899776282
2842,166.2498882692451
2843,97.12787547268856
2844,248.52829237341038
2845,221.35463633743183
2846,1276.648932298549
2847,47.524709990939286
2848,26.654370653454468
2849,302.3529194222024
2850,75.01811948306042
2852,220.10690180926306
2853,176.98380498709446
2854,56.478792639644205
2855,136.29487183811543
2856,357.1049704662022
2857,177.62977097650068
2858,246.29511208806653
2859,70.20018467543672
2860,1372.018418574484
2861,1578.4649174333495
2862,145.2465020940717
2863,151.26708158584162
2864,258.2388572216924
2865,237.66020551904003
2866,126.38020753732401
2867,74.68005747962395
2868,50.80002337182342
2869,422.4868419739794
2881,124.40129354103735
2882,155.75654993389253
2883,339.01662354404374
2884,354.5947999901488
2885,129.0100316873431
2886,451.1419558609267
2887,124.82876781937844
2888,406.30959297602254
2889,84.56944114157766
2890,81.71870634570223
2891,1823.2069682689655
2892,317.99562980697846
2893,358.64690288730617
2894,121.53774002890499
2895,185.74198313164533
2901,195.32787600832162
2903,331.9161144195166
2904,493.0355884102204
2914,138.76018320853134
2915,274.851641718396
2917,154.41592891414547
2919,183.01334915671382
2920,2335.93014838805
2931,110.16368505204231
2932,1355.608262824512
2933,229.89453809392614
2936,338.55169870846294
2937,942.5033739398528
2938,238.00283858819802
2939,4077.243835825911
2951,200.35240123859245
2952,640.9859013835843
2953,330.2235317184954
2961,139.25145428503075
2962,181.82443392883377
2963,547.4661016478236
2964,622.5726496827936
2971,1462.3684136381935
2972,156.40915097908712
2973,92.65514067883848
2974,611.6088483418257
3001,3036.801769717515
3002,442.9098620575742
3003,174.4613128434911
3004,493.12447740767504
3005,419.2694721426232
3006,653.1851672379809
3007,1728.4491819590305
3021,407.79288878098566
3022,1206.6604313456614
3023,1001.6746273285456
3024,1875.0568831592254
3025,268.09098876164825
3031,204.16744445087008
3032,821.4465934169606
3033,168.803272930071
3034,618.3959330658838
3035,141.42819500355725
3036,198.62600074504965
3037,371.5890654248542
3038,311.8351096259899
3101,1189.8203795397371
3102,426.22845260921974
3103,963.9582764036589
3104,359.19629055485564
3105,1473.3525909717732
3111,327.68015929821667
3201,491.34380480301337
3202,440.4907387132355
3203,10751.751499100905
3204,1299.2154306305704
3211,247.75393494942634
3212,508.3155874455226
3213,2008.787405941358
3214,625.0679283965336
3215,1723.6565868649627
3216,636.1787791063741
3217,487.22157950606123
3218,240.13294565263206
3219,216.4280017574712
3231,1179.299407187522
3232,1125.0188676583089
3233,854.3220371470588
3234,1671.9133043210104
3235,380.9689631519259
3236,877.4885905185255
3237,1826.3119404985973
3238,2494.43752555209
3251,2480.0481086248046
3252,355.0226169859685
3253,439.7795244044656
3254,3439.1618525803506
3255,727.0724296819354
3256,388.35016058572853
3271,2394.3697846988516
3272,676.5876019447778
3273,2010.9729907702474
3274,2813.30035129535
3275,1516.365863431522
3276,1178.1693653604896
3291,1542.1839107267865
3292,1451.0385600375662
3293,2087.0485753905596
3294,437.5174238890889
3295,927.9250341398488
3296,1329.0292172212232
3297,1112.5969531490784
3298,2083.3840347772284
3311,679.6426891812869
3312,748.0864101295274
3313,2363.2586307091256
3315,930.9201384518844
3316,288.3526449028357
3338,517.8806370261389
3339,1317.854159241672
3340,3906.974122554255
3341,1161.1738667443062
3342,2151.918035585265
3352,2016.3663034226809
3359,1494.8163958207977
3360,2522.0844757820264
3372,317.6710613404173
3374,193.58510346379134
3375,383.38652952540383
3378,1512.6942726675854
3379,2468.5429574022414
3392,2535.224120301782
3393,322.7535590141154
3394,1218.6689811856895
3395,2556.091007347796
3401,682.5074790813532
3402,2107.0379392171735
3405,789.0973141834792
3407,1173.1124604959193
3408,1977.408326955151
3422,1257.9255503895317
3423,694.9658029606976
3424,917.8286610658178
3426,1537.7148774248658
3427,5030.743100811549
3441,338.06804419195515
3442,1181.4632761427156
3443,6260.548295902439
3444,1186.1089983836882
3506,2078.9012267768503
3513,332.4437357090059
3514,84.47285773298478
3542,715.7355565474966
3543,1674.1557735024403
3544,563.6882239959416
3551,343.4118510618612
3561,1091.5707984974047
3572,427.43934534897556
3575,1210.9045100928267
3581,216.66079880984242
3582,217.90932939421484
3603,369.880940731025
3618,1557.8771108674357
3619,2547.69535194527
3633,72.78288896750101
3637,32.14532737725644
3638,306.43719298131424
3640,199.96849432327338
3661,2052.1952872859733
3662,58.795254212545466
3663,85.75347570286996
3668,485.6237284940297
3669,91.32490180368218
3670,73.18371413385452
3672,632.5207648339563
3673,564.9561280807314
3681,115.53201854044678
3695,64.44030402080188
3701,314.1525742451086
3711,23.723301217280287
3712,192.18133842971486
3713,43.24550733698815
3714,383.3684910796984
3715,222.65293351735332
3721,494.7174908170907
3722,974.4058704084064
3723,255.3793850681469
3731,799.28959796648
3732,1396.9119378160567
3733,219.40686639284502
3734,401.2955338443242
3746,461.2032909014446
3752,392.26363485327
3762,2200.189406542705
3764,383.73191702271754
3781,219.46749192531868
3782,683.0449969398043
3783,81.67965085994584
3784,390.14121721954797
3785,1369.073868701532
3786,393.51878084866644
3787,1481.7638704103133
3788,267.9471032740927
3789,496.2695813560511
3790,341.58788355491987
3791,481.31372550295396
3792,1066.5022288708483
3804,49.61940958901703
3805,92.15458246151553
3808,91.6625047991153
3810,55.89879245244029
3821,299.24234400095906
3822,489.7845640268521
3823,52.352037056791424
3831,136.00057921972973
3832,253.518349294154
3834,320.8522109123872
3835,752.3675914563103
3837,114.69940693215696
3847,1083.0035409600628
3851,3676.8014132815833
3861,195.16672852779936
3862,86.53524628477544
3863,408.08828599590805
3871,2136.6091168992043
3881,73.06587425397417
3882,349.0717544551132
3891,1319.5734293054934
3901,5397.203539587106
3911,968.4729580651541
3921,1983.389502208623
3932,155.2758735889545
3945,880.0354219326822
3946,447.48631848779416
3947,494.60144316358105
3951,167.46764819402168
3952,247.0363382853512
3953,603.990687540783
3954,363.796622824881
3955,2046.62991432531
3961,612.5451142806254
3962,1471.4672031708255
3972,438.4517561309908
3981,1712.1285350620428
3982,1018.2203762254683
3983,207.2096078722412
3985,634.6999087505329
3986,795.6953130039627
3987,518.6712284249617
3988,1006.9632493957516
4001,3116.3442150491455
4002,237.46402565089565
4003,822.7067362069179
4004,238.35494595192444
4005,777.983449551623
4006,1253.1980519442711
4007,463.68369700601676
4008,1696.6707044562932
4009,571.465382948225
4010,1111.9670132926458
4012,1895.6464176717263
4013,664.173271099526
4021,3516.9240836974004
4022,275.31048305703536
4023,536.1045784549522
4024,409.5528268623125
4026,356.7840735384604
4027,822.2643638236082
4028,203.09491828132423
4029,1669.5532753228472
4030,306.72894811610195
4031,309.44800694972326
4032,866.9449201424958
4033,1752.6275700788196
4034,619.8520571222506
4035,510.62285805631757
4037,501.6870430123514
4038,948.5152800615377
4039,689.3107357200539
4040,1456.3502108830344
4041,404.4785880829175
4042,274.3017766656919
4044,906.2851701856729
4045,2074.6410010625955
4046,277.35737591617453
4047,2090.8929494868758
4048,786.9077836474066
4049,561.5667251543986
4061,286.96200908200933
4062,774.8054054665928
4063,1658.0840758580503
4064,266.32651410141403
4065,1130.3058220437194
4066,161.46846872306247
4067,339.9998492879778
4068,651.3529483804678
4071,503.34798820094704
4072,560.5904020558871
4073,871.5113995111063
4074,483.0866363469163
4075,392.10720259833556
4076,503.42998015359586
4077,262.0723032412765
4078,73.51278198400881
4079,260.4240711974942
4080,1228.6066706991314
4081,2382.601670383586
4082,3404.5630144920283
4083,620.6420732602132
4084,96.78257202150428
4091,481.14015761230314
4092,779.8442692508572
4093,161.92172760488342
4095,1790.8855755557477
4099,47.052800808054016
4100,334.4181786854809
4104,490.9349116331824
4105,154.68219750873553
4106,132.27714805277907
4107,260.55364294184034
4110,293.14739752277734
4111,298.10012155910357
4112,145.10559407031232
4117,178.02159769521884
4120,3225.026806147899
4121,551.4459409604018
4122,329.5683329931207
4123,715.7761086351339
4124,775.3980905621512
4125,446.56826118608376
4131,706.0305369996071
4132,214.95884226527363
4133,245.6924752177572
4134,413.65488668523136
4135,551.8629684734043
4136,182.6591995119168
4137,119.28279789819507
4138,271.6571497502416
4139,1059.9977330056636
4140,483.8131298581779
4141,2087.5620748054966
4142,196.0567676547914
4143,268.99213800241523
4144,1573.854071939969
4145,348.34909517177084
4146,468.05719545093086
4147,1094.1677957079683
4161,1101.959773134991
4163,2623.7546689344426
4164,242.91658964280236
4165,817.4108171805834
4166,273.63281677566886
4169,1094.8761052909804
4170,609.5707574993263
4172,286.5782566742555
4173,153.1221150168569
4175,226.96190555032103
4176,169.74612062760934
4177,245.6552196746817
4179,181.66261817530213
4181,346.3484685308243
4182,271.4498695480873
4183,169.6235952988211
4184,2276.0107437312495
4185,653.4709076458932
4191,160.22649933721138
4192,405.9708821765205
4193,76.47109488667351
4194,259.0027883238571
4195,283.27676494241894
4196,1807.2117768271482
4197,1506.5086469560665
4198,265.6668583265627
4199,185.68103795969242
4200,1145.5864015360867
4201,2036.5547819958128
4202,549.2484480376105
4203,717.8261816331589
4204,699.4717025984687
4205,499.3529211253508
4206,697.3967479465812
4207,561.4536746062863
4208,930.5159708455317
4209,1112.0362280382947
4210,464.77226946631856
4221,161.39008546941565
4222,460.0620549368546
4223,377.2930274680067
4224,409.1633886102398
4226,125.86707187856499
4227,269.12049897163865
4228,592.5132799332005
4229,279.15911953601113
4230,300.4122767945689
4231,194.35653809684717
4232,67.95563629732067
4233,308.9079831448591
4234,2445.2133929421625
4235,206.58265849550193
4236,3280.3319984935506
4237,281.09050059078714
4238,120.2185516932678
4239,1974.6204640464796
4240,547.5216217313545
4251,338.9785389586124
4252,390.807219535865
4253,662.8403424973408
4254,2042.117745318496
4255,219.45311942554713
4256,172.3827308524135
4257,79.68715006837478
4258,1808.2954414707447
4259,150.20577609434764
4260,905.9622389183253
4261,555.2875326393654
4262,155.5419493517551
4263,986.7764608122875
4264,176.75504411521004
4271,1148.9480638076304
4273,206.0953464739374
4274,1072.8154084544562
4275,185.08183721647615
4276,708.4893826191088
4277,171.08651249325587
4279,708.6465974750857
4280,1830.526536721558
4281,470.29985864913004
4282,2596.220836642133
4283,2165.3963436059257
4284,352.5358385154264
4285,621.3374715316959
4286,389.6246713361696
4287,308.31883832926263
4288,25.158859547873952
4289,1741.366495905316
4303,651.4256169258772
4304,574.0468078089203
4305,568.7672767662627
4306,70.96969183722047
4307,189.96351691860912
4309,514.8653848220741
4310,728.0751280412405
4311,494.5603399457493
4312,532.1200491110314
4313,658.6598611108062
4314,20.382512855514683
4318,1446.4384286951733
4319,166.91096038995457
4320,262.5112789507228
4324,2144.702974772895
4401,1560.31710442653
4406,141.01568584248943
4411,1608.740438083031
4416,359.11481191340243
4421,397.3465496557741
4426,366.03244379909876
4431,2364.974163476272
4436,2019.5209019512658
4441,440.0484913036128
4446,119.8006658361881
4451,343.84816787921795
4461,4933.925310108532
4471,1986.7096993764244
4476,959.0559999684951
4486,666.2182423755985
4495,254.55180070315186
4501,824.9428105762969
4506,1137.2320584187662
4511,683.8393786855701
4536,593.7614603003628
4545,1534.080116759325
4546,641.1196017759742
4551,2637.8946347017795
4561,462.907969090632
4566,4263.242890516714
4571,2203.4276836307145
4590,280.06170722521153
4591,495.92822564650254
4601,505.1768457699085
4606,303.33491216915615
4611,382.99783658858695
4616,523.3466448272777
4621,391.52070294565624
4641,466.0337594641517
4643,321.3272574730114
4646,689.7310192953523
4651,38.117562178313776
4656,370.0749020261216
4666,955.3519517872418
4671,2260.59300584649
4681,492.6834611816262
4683,350.6947982743339
4691,1511.465624187825
4696,2718.7163349841853
4701,527.3216568203427
4711,685.8248784464193
4716,240.4666861382405
4721,701.8721117893875
4723,362.7480629048833
4724,2060.1688809471234
4726,1063.2845149838001
4741,1750.8740421091966
4746,1251.1609414491795
4751,318.3486147478289
4756,269.1447817111946
4761,1182.6903554805815
4776,496.65312664334516
4781,1051.32453694027
4786,382.02601494763763
4791,614.760289912368
4801,281.1556505637345
4806,817.54256984472
4811,382.3877215645255
4816,1300.8390396790346
4821,606.1176771486822
4826,117.75023749111983
4831,557.1786803421801
4841,523.5149750633747
4846,125.07476841056445
4851,385.76355823254084
4864,537.9767698538103
4871,525.3567365839045
4881,619.0011529024307
4891,792.9551810907825
4901,602.4910777011299
4911,2176.425403170805
4921,510.94299068907435
4941,537.2202995456553
4946,1769.1788580057805
4951,2672.443399029134
5001,558.8203818961315
5002,8276.854043901112
5003,434.4442198951298
5009,65.15944715121493
5010,225.80469422683362
5017,301.75892192966904
5048,732.6756155710345
5049,1274.6573682933708
5050,585.2749555295281
5061,672.6954635144461
5063,82.66083998905614
5064,226.86146451075044
5071,111.11524898789094
5072,1602.8747919686107
5073,386.71933712415154
5076,78.34271279409556
5077,133.4375991121344
5078,234.26025833629535
5079,570.6088742405759
5091,1055.3178249287967
5096,156.323980447642
5097,522.2968699503011
5108,820.0966167817287
5112,218.73686953984122
5113,1771.515287317889
5115,725.6605783580209
5117,55.60252549968497
5118,1432.215374628479
5120,159.6734368760792
5121,206.09334206171943
5125,333.03097048504577
5131,437.11900522071477
5136,353.95167932961107
5138,650.1873504113701
5141,689.8032057006903
5143,16.185622961153975
5144,252.08423301099165
5146,125.39740491428925
5148,173.45993711126775
5149,117.57749371841729
5151,639.9135604577523
5154,196.5850343854285
5160,127.92606979813509
5161,212.00251742298144
5162,227.48831826413007
5167,1169.5738394038763
5171,1054.525756987301
5176,261.6576112502579
5180,230.18090256726634
5181,124.70893568560209
5186,141.52873595967785
5187,203.7129477726923
5189,221.2874933839429
5192,7746.929721842146
5193,337.48186808739484
5194,1464.85225721659
5195,155.96838483120573
5196,470.02908800897933
5197,193.08449305224383
5198,216.38764620405303
5199,1492.3913644292986
5200,77.33653497648021
5203,224.58596409842585
5205,183.24438098327602
5206,60.10096657808016
5207,143.9251585743763
5208,186.85753937674832
5210,103.86580717593425
5212,148.5186063213495
5214,231.31831298397134
5216,265.1963345215821
5219,192.9203644323761
5221,283.1019523349516
5225,241.37823848495793
5226,1150.7271761848733
5227,488.26713142314077
5230,113.85708935822832
5231,187.34525122914968
5233,91.80097406735005
5236,656.2337175762286
5237,343.4711338202045
5238,963.9065847806188
5239,840.988341541279
5242,635.4592975453
5249,464.43793656518835
5250,1004.4340247744212
5251,410.86891963172764
5254,3951.471010845193
5257,523.1517706932092
5260,1121.7446474120138
5263,671.9820819462017
5266,1220.604778746931
5268,440.06134580162126
5269,441.01215647065453
5281,1490.7939003470406
5287,932.6860587483222
5304,36.39239032319725
5307,29.15289201946831
5309,12.724268968754936
5310,377.7191208670717
5315,23.21877036340014
5317,785.2071826833627
5323,354.21472282503817
5324,354.46180629227024
5396,793.5474697853001
5397,394.95238407873796
5398,1461.5263304745752
5399,467.99372129371966
5401,2907.781141609474
5402,2201.634243885015
5403,27.5190948932681
5404,109.3463901743312
5405,683.6014722437776
5406,307.2672488914339
5407,1031.7122428488594
5408,937.0363136129558
5409,2832.5146126293735
5410,669.5527426634953
5411,1163.4063732633247
5412,90.44008723860904
5413,238.27814383734125
5414,689.6958534289388
5415,185.02292151508158
5422,2658.217394102096
5423,183.78298469644264
5424,45.71441269029801
5425,275.3638662259764
5426,79.29192304482633
5427,157.76345707867014
5428,326.7879952661195
5429,108.3418114974904
5430,142.06624231587108
5431,72.3654156178359
5434,205.72204043616176
5435,94.24792145517122
5436,37.80476025910798
5437,91.79460728824345
5451,741.8325493447029
5456,417.496427215158
5458,194.79438101816686
5464,1449.2176506923843
5471,126.85318897037943
5472,73.67758167412666
5473,139.00413762207762
5474,155.60851296307342
5475,116.50920665047778
5476,92.18373023695943
5477,474.5824490609582
5479,102.76870414634274
5480,293.47957159716765
5481,39.72956550733205
5482,768.2738749877647
5483,39.45615502613246
5484,119.19705002841891
5485,86.79395125262107
5486,1458.8599011365407
5487,55.72202200966992
5488,10.199745906530827
5489,79.88143975369944
5490,15.320412446916121
5491,28.377356151315787
5492,236.01344403847213
5493,42.08021146139047
5495,1075.5001419287655
5496,312.16389382505884
5497,100.38204934559911
5498,344.2606814902897
5499,72.79158193836031
5501,161.19535962975206
5503,254.38071326571313
5511,343.4798923317759
5512,1707.7823972290234
5514,217.4225168166071
5515,116.50713673688446
5516,801.3635867111129
5518,1726.066608228561
5520,242.13655133048186
5521,215.55479147426627
5522,140.65716302999326
5523,410.38833023554014
5527,242.3431796869348
5529,194.92155047854487
5530,113.25376102052846
5531,68.94832403036827
5533,124.33167946029984
5535,163.46851486345528
5537,119.45065048682451
5539,160.62587052709256
5540,321.45731290749217
5541,111.75271668789912
5551,145.79388640031732
5552,208.9862598924197
5553,327.1468010174169
5554,191.2035007758205
5555,72.9948802098651
5556,143.34171046370378
5557,47.782998602624446
5559,111.15894667663841
5560,42.56366629616695
5561,669.5109236722734
5562,38.11910889266033
5563,33.62320525991733
5564,47.094567183964806
5565,76.53900885325746
5566,129.38259515320297
5568,1603.8561631078867
5571,261.96646132992896
5581,501.5686174016695
5582,472.1508499595007
5583,773.2605294368493
5584,992.617349908675
5585,191.0104324720881
5586,8952.692110360822
5587,1212.169762655326
5588,196.39173218860483
5589,573.1488985593982
5590,2025.1247794665437
5591,1030.8615413001107
5592,380.80999701069766
5601,266.1175809132046
5604,370.1127396444114
5606,1012.0477206155693
5607,1499.3838476006006
5609,68.25355812895442
5610,71.6986782173109
5611,612.3490537594608
5613,744.8882121169952
5621,1436.7778565733001
5622,34.47782617581764
5623,91.37483773424512
5624,528.7121691989773
5627,222.05393094703163
5628,97.00513168992615
5629,1432.230310647977
5631,194.8861775688627
5632,375.7298406259942
5633,398.49435105835636
5634,513.6333076297834
5635,2757.713775914482
5636,327.82016037897876
5637,219.2401532288631
5638,1051.5297795026056
5639,194.02943584548004
5640,156.26575066350475
5642,876.7392747358984
5643,425.5809576880871
5645,49.59609439359244
5646,840.2144690843518
5648,442.6455411283297
5649,247.6830263022159
5650,8.260488140770432
5651,103.13904168487046
5652,109.02358614064346
5653,118.14026315782013
5654,148.36992470752472
5655,204.921299505424
5656,847.669402937078
5661,84.84213264826519
5663,23.82383439339602
5665,23.13045104627902
5669,64.95009569116469
5671,124.35842599470004
5673,149.8840088711583
5674,17.17618548500089
5675,1045.8268164843912
5678,2134.526866880296
5680,35.98865968398941
5683,17.726828326848363
5684,6.302213346990154
5688,19.077880225726023
5690,15.869120316444604
5692,206.31700925199527
5693,728.2503093678255
5701,94.39619442139038
5702,371.9775531319763
5703,180.40864378607407
5704,330.7195581232211
5705,97.74484778287754
5706,146.45107201732307
5707,275.11683445919044
5708,148.19794049819592
5709,254.6310979871129
5710,178.4928905038339
5711,1233.0795603303654
5712,442.8789283396741
5713,385.08299957723057
5714,150.67988390067396
5715,1023.7143484828272
5716,735.5531796976097
5717,649.6103714674425
5718,386.6120020537899
5719,288.02709307818947
5720,185.34485715130975
5721,1015.265689836533
5722,122.25988242453445
5723,309.15604063894017
5724,1036.8811203644796
5725,468.8449247909388
5726,262.97193322182545
5727,385.3247322180313
5728,56.58053829045692
5729,275.31603717617264
5730,293.5461742512115
5731,175.23546420102085
5732,122.01035582595493
5741,92.56127424303249
5742,124.05809542120286
5743,76.62483998003472
5744,200.9971733050637
5745,245.63771903338005
5746,114.9231675038393
5747,46.59896660947046
5748,33.785711187981654
5749,822.4549696153955
5750,23.08188211919459
5752,131.71004868355925
5754,155.55331631680846
5755,108.96762975816354
5756,112.893653309069
5757,1234.6087326871489
5758,25.66632375497315
5759,15.90613155967406
5760,136.45398111143453
5761,191.7056683826789
5762,55.37539973480298
5763,169.9615400734921
5764,1418.3900062362195
5765,139.2944481090608
5766,138.33611630723627
5785,99.29621648776727
5790,147.10383577727885
5792,83.5746101525566
5798,108.69556634264912
5799,395.74739171800087
5803,96.51800598608874
5804,623.3482190523963
5805,2423.2536186548323
5806,771.8998514232894
5812,24.83540005750653
5813,139.80533200458098
5816,554.121404461981
5817,259.0082080805646
5819,66.89924467003011
5821,117.7133811435657
5822,3270.3719479692622
5827,72.23214761098257
5828,98.31082828415683
5830,124.16141765499746
5831,1701.7969377696163
5841,2475.1604326964934
5842,206.40204865466507
5843,674.8183709851812
5851,75.81025992479161
5852,64.00114148743724
5853,217.48875817016895
5854,65.64224082303977
5855,120.3232734742779
5856,1766.8915128472106
5857,267.3692074543009
5858,123.43769748777021
5859,299.30527937585487
5860,362.86028564494455
5861,638.3635389745491
5862,35.15534330622013
5863,40.79767618438903
5871,436.5941531624394
5872,2257.377546472301
5873,236.88026465317586
5882,551.9240099572394
5883,349.06664316026087
5884,499.3880180327525
5885,290.3231024950165
5886,3516.2249874230138
5889,2323.6912886351865
5890,924.7744355621434
5891,105.51443861285843
5892,1872.546483965703
5902,42.485529922637426
5903,67.08507126576832
5904,96.50423828171424
5905,162.41422009611543
5907,78.44828148290095
5908,52.434873675070406
5909,112.33448578381656
5910,110.64147216091456
5911,41.365475786779
5912,117.00362304733741
5913,291.914170189745
5914,74.89332305489009
5919,60.258855246729105
5921,59.0844371440089
5922,1592.566667650539
5923,86.91897867121796
5924,94.03094702088889
5925,114.27708175713605
5926,254.23352965690202
5928,134.03409551259276
5929,97.89338299067256
5930,69.3378236164638
5931,50.477685640226184
5932,98.84345035633898
5933,126.86483972060248
5934,55.19187432392994
5935,3.0316155856823412
5937,31.545877345937814
5938,3202.168723038569
5939,1290.6979339598129
6002,1548.6898546629034
6004,127.64007185734208
6007,2160.190872692547
6008,503.8105358311517
6009,138.5268489773977
6010,249.69747792788039
6011,44.554002259344514
6021,391.6683438599533
6022,979.9696990059708
6023,2679.080684302954
6024,2503.089743622883
6025,1159.2460445262761
6032,84.44837157644771
6033,322.3315919970628
6034,1379.7396193243649
6035,263.8069971132071
6037,3908.898912599874
6052,336.2108662794624
6054,74.30307138056524
6056,266.84058559968616
6057,564.9595379290105
6058,86.40059026311934
6061,105.53764756823998
6076,285.21557984773443
6077,1061.4356015089757
6082,1390.2508376838218
6083,733.0945663306472
6084,724.0646008885923
6087,214.52176876712068
6089,602.9802026041064
6090,511.0896300546044
6101,179.06745120930813
6102,127.15269780517147
6104,53.9194078000166
6109,294.33579806770615
6110,1464.0346678162591
6111,436.98312012593937
6112,72.89807249029855
6113,302.12135554873043
6116,145.89989575950383
6117,201.17489415115554
6118,404.20110356384595
6119,391.74642779264906
6131,123.06284762141227
6133,2160.981938501157
6134,209.20987224974087
6135,1278.652908589917
6136,2797.497801317308
6137,465.36377622793
6139,824.9033604943128
6140,418.433670977882
6141,848.1419059560855
6142,90.51257913420913
6151,628.7164111465361
6152,2124.0368084294055
6153,3408.0570658130837
6154,537.9290621806801
6155,126.25757150587071
6156,1895.5218351863507
6157,739.2310925705742
6158,1089.9764998560388
6159,1620.2505450570777
6173,581.2593106585136
6177,206.41804128460078
6181,500.5616981776398
6191,214.93587531773557
6192,62.32666395101653
6193,415.7227079425751
6194,154.05426106901132
6195,102.36315850174577
6197,91.18994040010189
6198,572.9455648856379
6199,392.02662477578593
6201,201.84948579054762
6202,279.18801464439815
6203,163.799994863671
6204,320.04092902437884
6205,379.3175525285195
6211,92.54712901660155
6212,184.2175990312783
6213,842.3016776960757
6214,150.65278368494867
6215,333.84131639862215
6217,822.5955390009209
6218,367.49248949141247
6219,306.51722528399273
6220,166.88133936179418
6232,964.7955617218462
6235,172.5092570788033
6238,540.3242357430119
6239,226.17105476603683
6240,1161.4451602644506
6246,443.55771930941125
6248,2423.8535660950038
6252,2300.982404771806
6253,3204.911387238407
6254,851.7867398168212
6261,173.47535111969688
6263,652.9914760071883
6265,2075.364014928132
6266,4155.821167369348
6267,217.31809489117342
6281,160.1378337090649
6282,53.277130974556854
6283,41.47672225127351
6285,415.8545301658018
6286,105.31847878251284
6287,123.52978170820627
6288,91.84396452224384
6289,168.25643288155504
6290,571.962255713983
6291,582.5216075512494
6292,1033.5719754430183
6293,549.6654078432567
6294,106.4726039915739
6295,178.9529066307859
6296,143.52007733960272
6297,1955.2044038820777
6298,264.60327394272196
6299,136.65799166974998
6300,1907.193906209542
6404,1296.8882085737564
6408,621.4620377213661
6413,290.0478992608943
6416,1126.684982736106
6417,2452.283179720356
6421,5379.849568744662
6422,60.14361797409618
6423,369.9855042278095
6432,256.26952195415964
6433,43.61524656146851
6434,79.40890603149431
6435,164.36273430932698
6436,2434.4877756994083
6437,383.40487818385134
6451,263.47118609400343
6452,1703.812776301574
6453,93.62866505418499
6454,191.01423593372172
6455,534.981289741652
6456,175.14845591767047
6458,4422.262016488697
6459,264.7169245902631
6461,620.5404829657009
6487,3662.4814755634693
6504,257.09976361460764
6511,195.36957459750533
6512,3498.713514536966
6601,250.57893325884817
6602,209.15935116232393
6603,101.6261008443735
6604,248.02657980661408
6605,212.4211543444168
6606,401.10686776463854
6607,3008.729867759068
6608,627.6690348134207
6609,236.73135148377386
6610,126.68292233416497
6611,256.39896147950014
6612,863.4626175135932
6613,285.38968523173384
6614,194.71792801316354
6615,248.40466620108796
6616,3318.1121342033157
6617,809.6297237024377
6618,474.6088652841884
6619,227.51037351627573
6620,866.3192420267765
6621,4847.1088862554425
6622,441.69880213136673
6623,3219.838559841204
6624,51.59996615904418
6625,137.88338563788167
6626,301.0973715929696
6627,99.86824214319034
6628,853.4048538338012
6629,264.24772229608703
6630,630.295113775515
6631,525.4867886125123
6632,272.83167468537926
6633,2825.0214624056043
6634,573.5764410684461
6635,110.85147084062358
6636,177.17726763629753
6637,104.28874088039177
6638,1814.4946260450606
6639,188.24286308492765
6640,1454.3305740043857
6641,395.03281366570064
6642,478.38920129831877
6643,2917.833139548333
6644,1371.4977916966604
6645,1152.0154358176371
6702,1431.611161185101
6703,155.68498903766425
6704,180.83728403141023
6706,138.067144656343
6708,2014.7582745927725
6709,707.2635168560068
6710,1307.6407841765524
6711,2372.3534701140748
6712,351.6157214047186
6713,5.153985620744066
6715,206.72476250583452
6716,27.965194910822945
6718,213.97625469217957
6719,107.40678238838547
6721,168.75779101639966
6722,88.7650275185163
6724,89.71428535141403
6729,1986.041601827891
6730,1095.0476047386453
6741,137.0391724726812
6742,456.0688754308177
6743,279.06954032539886
6745,66.8170319197184
6748,143.72041351215245
6750,144.50360695436717
6751,353.01083954700175
6753,74.48030407788967
6754,704.5142956584582
6757,1040.370148950791
6758,58.69746856035512
6759,61.78252645801763
6771,2596.2223787221214
6773,87.28539842129663
6774,1063.0574454773637
6775,228.6007263373067
6778,230.98557962851677
6781,251.32758033636432
6782,230.24055270946553
6783,87.64533733605451
6784,744.326299775653
6785,157.92097646915298
6787,67.41816765813437
6789,224.7320898450462
6790,477.48386040071614
6792,176.37696845690022
6793,108.98048587413987
6800,1804.534242054101
6806,208.70696982649451
6807,629.8700064825152
6808,433.7200525276308
6809,798.8945739829842
6810,530.329354645299
