BFS,yearly_ev_peak_consumption
1,260.1
2,908.1
3,390.3
4,391.5
5,370.8
6,173.1
7,206.55
8,99.75
9,375.9
10,346.2
11,216.3
12,162.15
13,375.9
14,327.15
21,90.45
22,93.6
23,94.8
24,139.65
25,163.8
26,74.4
27,190.95
28,138.45
29,84.6
30,244.2
31,152.55
32,65.7
33,236.55
34,126.15
35,228.3
37,161.25
38,207.6
39,148.05
40,119.55
41,59.25
43,48.0
51,302.85
52,696.75
53,1507.8
54,937.2
55,308.7
56,631.95
57,250.95
58,430.95
59,170.55
60,211.2
61,88.35
62,4107.75
63,171.9
64,394.8
65,142.2
66,2645.7
67,324.75
68,214.65
69,2215.95
70,69.9
71,129.15
72,347.85
81,138.9
82,168.75
83,470.85
84,454.5
85,172.35
86,476.7
87,84.3
88,247.65
89,276.9
90,518.1
91,196.35
92,392.25
93,111.3
94,521.7
95,69.9
96,1770.75
97,930.9
98,103.35
99,108.0
100,174.3
101,248.25
102,110.25
111,406.8
112,538.5
113,484.8
114,318.0
115,732.75
116,276.9
117,1028.1
118,685.65
119,140.4
120,803.1
121,1621.8
131,3059.55
135,1075.5
136,529.8
137,320.55
138,839.4
139,542.1
141,1072.65
151,395.25
152,504.6
153,634.8
154,1130.85
155,714.45
156,1071.3
157,365.25
158,964.65
159,334.2
160,403.35
161,1065.0
172,649.2
173,278.55
176,509.55
177,843.15
178,382.2
180,276.75
181,222.0
182,123.3
191,2964.75
192,564.3
193,543.6
194,355.05
195,809.85
196,296.7
197,586.35
198,2474.1
199,1727.4
200,944.7
211,85.35
213,165.45
214,130.2
215,100.2
216,138.3
218,129.15
219,574.35
220,161.4
221,200.1
223,405.3
224,266.25
225,208.95
226,101.1
227,804.0
228,431.25
230,8739.9
231,445.65
241,157.95
242,584.25
243,2801.7
244,348.45
245,350.1
246,183.75
247,3224.7
248,357.3
249,238.65
250,1097.55
251,271.2
261,49804.8
292,247.65
293,2552.55
294,430.65
295,1828.2
296,1201.95
297,510.15
298,455.55
301,400.65
302,82.05
303,265.05
304,222.15
305,190.65
306,1098.9
307,244.5
309,160.35
310,411.15
311,369.0
312,299.55
321,352.2
322,74.85
323,87.6
324,132.0
325,40.8
326,111.3
329,1473.75
331,146.4
332,283.35
333,119.7
335,49.05
336,56.85
337,274.65
338,110.25
339,71.7
340,70.8
341,67.35
342,269.55
344,104.85
345,155.4
351,23990.25
352,498.15
353,207.45
354,219.75
355,4962.15
356,2567.1
357,137.1
358,224.7
359,411.75
360,689.25
361,1221.9
362,1723.8
363,1459.05
371,4588.2
372,387.0
381,148.05
382,97.2
383,315.9
385,120.9
386,159.9
387,329.55
388,145.95
389,40.65
390,134.7
391,90.3
392,252.3
393,124.05
394,111.6
401,83.4
402,74.25
403,92.85
404,2042.4
405,206.4
406,315.9
407,187.8
408,46.35
409,240.9
410,50.25
411,70.35
412,566.4
413,220.8
414,201.0
415,291.45
418,281.85
420,182.1
421,22.5
422,24.9
423,48.15
424,215.7
431,174.45
432,76.2
433,109.35
434,146.4
435,79.35
437,46.8
438,192.6
441,101.4
442,51.45
443,606.9
444,173.4
445,150.15
446,307.2
448,110.85
449,127.05
450,198.45
491,85.5
492,140.25
493,64.5
494,143.7
495,193.35
496,301.95
497,82.05
498,169.5
499,73.2
500,60.9
501,98.4
502,117.45
533,242.25
535,48.3
536,55.95
538,486.9
540,375.15
541,51.45
543,75.3
544,1093.05
546,845.25
551,523.2
552,391.8
553,31.8
554,89.4
556,38.25
557,74.1
561,360.3
562,222.3
563,460.95
564,99.9
565,133.35
566,98.55
567,355.95
571,180.75
572,188.4
573,295.05
574,75.45
575,56.7
576,369.6
577,43.8
578,44.25
579,72.3
580,73.5
581,615.0
582,70.8
584,368.85
585,116.4
586,68.55
587,197.25
588,54.6
589,90.15
590,192.0
591,46.65
592,61.65
593,331.05
594,207.9
602,102.3
603,138.0
605,126.3
606,94.65
607,63.45
608,271.5
609,54.75
610,60.45
611,102.15
612,425.7
613,97.65
614,170.85
615,63.15
616,988.2
617,76.95
619,336.45
620,97.95
622,78.9
623,237.6
626,190.65
627,648.45
628,116.85
629,62.25
630,102.75
632,256.05
662,179.1
663,175.8
665,39.0
666,47.4
667,171.6
668,428.7
669,54.3
670,465.9
671,58.05
681,38.55
683,52.65
687,39.15
690,208.8
691,89.7
692,48.0
694,50.7
696,88.05
700,489.45
701,80.4
703,187.2
704,51.15
706,94.05
707,30.75
708,15.0
709,22.35
711,64.5
713,302.25
715,15.3
716,119.7
717,346.8
723,316.8
724,157.8
726,245.4
731,136.05
732,147.6
733,495.15
734,46.2
735,56.1
736,62.55
737,53.85
738,73.8
739,215.1
740,82.35
741,34.8
742,81.45
743,609.3
744,176.4
745,174.75
746,118.95
747,73.8
748,68.25
749,247.05
750,134.7
751,200.85
754,122.85
755,201.6
756,210.15
761,112.8
762,280.35
763,217.95
766,118.5
767,105.45
768,867.45
769,240.75
770,126.0
782,44.85
783,160.8
784,208.2
785,444.0
786,83.1
791,165.0
792,362.25
793,145.05
794,325.35
841,126.0
842,129.6
843,915.3
852,244.35
853,254.7
855,616.95
861,879.9
863,146.4
866,122.85
867,107.7
868,24.3
869,96.75
870,242.7
872,207.6
877,68.25
879,283.5
880,226.2
883,138.0
884,152.25
885,133.2
886,228.45
888,169.8
889,125.4
901,264.75
902,876.75
903,261.15
904,204.6
905,229.05
906,126.45
907,257.4
908,244.95
909,173.7
921,98.7
922,104.7
923,181.35
924,69.75
925,89.25
927,111.9
928,421.2
929,208.95
931,65.25
932,75.9
934,152.4
935,70.5
936,35.4
938,392.7
939,815.4
940,41.1
941,170.4
942,3259.5
943,70.8
944,467.7
945,95.55
946,25.05
947,23.85
948,81.15
951,145.8
952,105.45
953,118.5
954,483.0
955,411.45
956,267.9
957,505.05
958,148.2
959,136.65
960,156.15
971,134.4
972,39.6
973,80.4
975,79.05
976,78.75
977,109.8
979,562.05
980,56.25
981,551.55
982,137.85
983,206.4
985,102.0
987,70.05
988,216.6
989,107.25
990,54.9
991,64.35
992,238.5
993,68.55
995,219.15
1001,82.65
1002,356.4
1004,217.5
1005,152.7
1007,107.7
1008,349.5
1009,289.95
1010,458.4
1021,138.6
1023,240.9
1024,2326.2
1025,100.5
1026,383.7
1030,795.45
1031,843.0
1032,279.75
1033,278.1
1037,258.15
1039,206.4
1040,801.6
1041,149.25
1051,393.45
1052,436.35
1053,254.1
1054,1789.5
1055,117.3
1056,110.1
1057,67.8
1058,1415.25
1059,2162.85
1061,7554.6
1062,617.7
1063,553.2
1064,174.75
1065,590.25
1066,221.4
1067,208.05
1068,184.95
1069,507.6
1081,638.25
1082,248.85
1083,298.35
1084,270.3
1085,241.5
1086,302.7
1088,238.05
1089,227.55
1091,172.65
1093,580.95
1094,467.7
1095,369.0
1097,306.6
1098,632.85
1099,262.5
1100,122.55
1102,407.1
1103,2013.3
1104,417.45
1107,411.0
1121,92.4
1122,101.25
1123,424.65
1125,790.2
1127,167.4
1128,222.15
1129,70.05
1131,154.95
1132,217.35
1135,196.65
1136,307.35
1137,244.65
1139,289.8
1140,720.0
1142,78.45
1143,362.7
1145,106.35
1146,173.85
1147,186.0
1150,221.55
1151,782.85
1201,786.75
1202,168.75
1203,131.85
1205,329.4
1206,364.05
1207,186.3
1208,144.15
1209,100.95
1210,61.05
1211,133.2
1212,48.6
1213,371.55
1214,196.05
1215,160.65
1216,264.15
1217,79.2
1218,122.55
1219,96.9
1220,89.85
1301,1209.6
1311,323.85
1321,634.35
1322,2047.95
1323,704.4
1331,1191.9
1341,611.1
1342,389.85
1343,100.05
1344,648.45
1345,306.0
1346,623.25
1347,278.55
1348,136.65
1349,441.0
1361,144.75
1362,1170.15
1363,82.05
1364,627.9
1365,127.35
1366,176.55
1367,349.2
1368,168.3
1369,56.1
1370,241.65
1371,240.0
1372,1599.9
1373,292.8
1374,142.8
1375,263.25
1401,558.15
1402,522.0
1403,438.6
1404,595.5
1405,308.1
1406,481.8
1407,1224.6
1501,345.15
1502,374.55
1503,222.75
1504,223.8
1505,399.6
1506,193.5
1507,710.85
1508,258.75
1509,1191.45
1510,466.95
1511,282.45
1630,1747.95
1631,1035.6
1632,992.4
1701,3091.65
1702,1625.85
1703,1062.6
1704,474.3
1705,219.45
1706,465.45
1707,1537.8
1708,1205.4
1709,527.55
1710,377.4
1711,4703.7
2008,60.3
2011,179.4
2016,93.0
2022,151.5
2025,153.3
2027,55.5
2029,271.8
2035,64.5
2038,12.75
2041,190.8
2043,45.15
2044,177.45
2045,72.3
2050,167.4
2051,138.15
2053,535.2
2054,1117.05
2055,226.8
2061,40.8
2063,81.3
2066,49.35
2067,76.5
2068,87.45
2072,49.05
2079,36.75
2086,75.75
2087,114.3
2089,56.55
2096,574.95
2097,188.25
2099,204.6
2102,280.5
2113,294.9
2114,190.5
2115,139.2
2117,256.95
2121,220.05
2122,190.8
2123,59.1
2124,268.65
2125,1978.65
2128,47.25
2129,104.55
2130,39.3
2131,96.3
2134,92.4
2135,247.35
2137,77.85
2138,173.85
2140,209.85
2143,90.9
2145,122.25
2147,118.05
2148,249.15
2149,188.4
2152,200.1
2153,164.4
2155,137.1
2160,192.0
2162,173.1
2163,366.3
2173,88.35
2174,250.95
2175,253.5
2177,82.95
2183,199.95
2186,143.7
2194,62.4
2196,5134.95
2197,696.15
2198,793.8
2200,240.9
2206,583.95
2208,238.05
2211,177.45
2216,63.6
2217,83.7
2220,231.75
2226,161.7
2228,1225.8
2230,12.45
2233,308.55
2234,181.35
2235,157.65
2236,641.55
2237,207.75
2238,225.45
2250,163.5
2254,583.95
2257,165.15
2258,67.65
2261,54.3
2262,373.2
2265,444.15
2266,61.95
2271,79.95
2272,175.05
2274,151.05
2275,1013.7
2276,146.7
2278,56.85
2284,476.7
2292,69.3
2293,681.15
2294,121.35
2295,271.2
2296,148.65
2299,381.45
2300,148.5
2301,123.15
2303,114.0
2304,154.8
2305,348.6
2306,660.0
2307,108.15
2308,248.55
2309,520.2
2321,314.25
2323,134.1
2325,916.95
2328,87.6
2333,114.0
2335,153.15
2336,173.85
2337,106.2
2338,148.35
2401,602.25
2402,592.8
2403,194.1
2404,421.5
2405,173.1
2406,174.15
2407,979.8
2408,197.85
2421,148.5
2422,575.55
2424,102.0
2425,109.5
2426,229.65
2427,144.9
2428,321.45
2430,194.55
2445,45.0
2455,88.05
2456,52.05
2457,169.8
2461,157.95
2463,42.6
2464,124.5
2465,347.85
2471,116.85
2472,70.2
2473,415.65
2474,166.35
2475,129.6
2476,260.55
2477,130.5
2478,122.25
2479,123.15
2480,160.95
2481,100.5
2491,90.0
2492,115.65
2493,273.15
2495,265.35
2497,137.25
2499,142.35
2500,397.65
2501,162.75
2502,82.95
2503,238.5
2511,151.65
2513,525.9
2514,67.35
2516,243.45
2517,352.05
2518,86.55
2519,375.9
2520,83.4
2523,62.85
2524,6.3
2525,103.5
2526,201.3
2527,259.05
2528,124.05
2529,73.2
2530,150.75
2532,275.1
2534,631.8
2535,108.0
2541,75.0
2542,360.9
2543,368.1
2544,95.1
2545,92.1
2546,1432.2
2547,122.25
2548,81.0
2549,31.65
2550,211.5
2551,149.4
2553,177.45
2554,175.2
2555,160.95
2556,342.0
2571,69.75
2572,322.2
2573,308.25
2574,55.35
2575,173.7
2576,205.95
2578,168.45
2579,437.4
2580,232.8
2581,3137.85
2582,137.25
2583,370.8
2584,133.05
2585,100.65
2586,391.65
2601,2173.05
2611,126.15
2612,114.75
2613,295.05
2614,155.7
2615,101.1
2616,52.65
2617,48.0
2618,123.75
2619,148.05
2620,80.4
2621,170.7
2622,78.0
2701,13247.85
2702,170.7
2703,1003.35
2761,656.1
2762,1314.9
2763,699.75
2764,182.7
2765,1635.9
2766,577.8
2767,324.0
2768,255.0
2769,1298.25
2770,2005.05
2771,529.5
2772,140.85
2773,1318.05
2774,93.6
2775,392.85
2781,103.8
2782,143.4
2783,41.55
2784,130.5
2785,157.35
2786,134.55
2787,459.9
2788,144.6
2789,67.65
2790,80.4
2791,135.9
2792,114.6
2793,200.85
2821,198.75
2822,98.4
2823,396.75
2824,304.8
2825,257.1
2826,91.95
2827,52.2
2828,323.25
2829,1941.45
2830,99.75
2831,1423.5
2832,83.85
2833,108.6
2834,146.55
2841,59.1
2842,101.4
2843,67.35
2844,131.25
2845,86.55
2846,357.15
2847,74.85
2848,46.2
2849,189.45
2850,75.6
2851,32.85
2852,116.7
2853,99.9
2854,51.6
2855,98.4
2856,143.55
2857,76.5
2858,116.25
2859,55.65
2860,90.15
2861,527.85
2862,84.6
2863,102.45
2864,109.5
2865,67.5
2866,102.45
2867,62.1
2868,71.25
2869,182.4
2881,39.9
2882,110.4
2883,119.7
2884,169.5
2885,126.0
2886,180.9
2887,82.35
2888,213.6
2889,57.75
2890,37.35
2891,184.5
2892,207.75
2893,132.6
2894,66.45
2895,192.6
2901,74.1
2903,106.35
2904,181.65
2914,33.15
2915,85.35
2917,56.85
2919,102.75
2920,407.25
2931,54.45
2932,256.5
2933,128.4
2936,68.55
2937,591.6
2938,115.8
2939,2290.8
2951,53.7
2952,141.6
2953,93.0
2961,67.8
2962,72.0
2963,134.1
2964,305.55
2971,188.85
2972,47.85
2973,90.15
2974,182.25
3001,1357.35
3002,184.5
3003,95.25
3004,182.85
3005,189.45
3006,245.1
3007,196.35
3021,172.5
3022,342.9
3023,258.45
3024,556.5
3025,234.15
3031,115.5
3032,384.6
3033,103.65
3034,185.4
3035,79.5
3036,131.1
3037,245.55
3038,179.7
3101,529.05
3102,194.55
3103,323.1
3104,166.2
3105,271.95
3111,261.6
3201,153.9
3202,142.35
3203,10102.2
3204,767.4
3211,86.25
3212,207.6
3213,537.6
3214,292.05
3215,885.6
3216,414.9
3217,322.65
3218,108.6
3219,120.75
3231,651.45
3232,380.1
3233,299.55
3234,418.95
3235,299.4
3236,489.75
3237,639.3
3238,564.9
3251,971.1
3252,125.55
3253,171.9
3254,784.05
3255,286.65
3256,241.05
3271,1203.6
3272,323.25
3273,596.25
3274,810.6
3275,434.25
3276,549.9
3291,510.75
3292,564.15
3293,765.15
3294,307.2
3295,398.55
3296,639.45
3297,437.1
3298,679.2
3311,251.25
3312,268.05
3313,385.35
3315,388.35
3316,171.3
3338,334.05
3339,609.45
3340,2683.5
3341,532.2
3342,895.2
3352,418.35
3359,434.4
3360,398.85
3372,140.7
3374,155.55
3375,141.45
3378,545.4
3379,735.45
3392,763.8
3393,202.2
3394,355.95
3395,428.55
3401,333.0
3402,661.5
3405,349.2
3407,492.6
3408,1024.95
3422,191.85
3423,352.2
3424,427.05
3426,389.85
3427,1903.05
3441,124.2
3442,519.0
3443,2853.6
3444,449.85
3506,469.05
3513,55.65
3514,35.25
3542,163.2
3543,869.85
3544,118.35
3551,81.75
3561,228.45
3572,64.8
3575,252.75
3581,69.45
3582,69.6
3603,87.45
3618,282.0
3619,438.0
3633,38.4
3637,49.35
3638,63.0
3640,87.45
3661,212.7
3662,34.35
3663,44.7
3668,317.4
3669,45.0
3670,28.2
3672,202.8
3673,260.4
3681,54.6
3695,23.1
3701,97.95
3711,13.05
3712,52.5
3713,42.9
3714,80.4
3715,64.95
3721,225.9
3722,455.85
3723,90.9
3731,142.95
3732,263.85
3733,134.25
3734,112.5
3746,155.25
3752,69.75
3762,374.25
3764,89.4
3781,68.4
3782,85.95
3783,23.4
3784,181.35
3785,68.4
3786,350.4
3787,595.35
3788,89.4
3789,99.75
3790,83.85
3791,104.7
3792,189.9
3804,34.8
3805,40.35
3808,29.55
3810,23.1
3821,85.2
3822,159.9
3823,68.4
3831,49.2
3832,187.5
3834,182.85
3835,88.8
3837,84.45
3847,141.9
3851,1041.0
3861,81.0
3862,49.2
3863,111.75
3871,437.55
3881,54.75
3882,106.8
3891,171.45
3901,4536.15
3911,308.7
3921,471.15
3932,62.85
3945,245.55
3946,209.25
3947,249.15
3951,90.9
3952,113.85
3953,305.25
3954,177.75
3955,939.0
3961,283.95
3962,232.8
3972,168.0
3981,187.95
3982,180.3
3983,69.0
3985,146.4
3986,185.7
3987,126.6
3988,162.3
4001,4702.05
4002,127.5
4003,814.8
4004,153.9
4005,281.7
4006,613.95
4007,163.95
4008,404.85
4009,272.7
4010,694.65
4012,762.45
4013,357.6
4021,3888.75
4022,172.65
4023,287.1
4024,236.7
4026,262.05
4027,393.6
4028,97.5
4029,382.65
4030,171.9
4031,180.0
4032,465.75
4033,376.95
4034,621.45
4035,275.1
4037,321.6
4038,570.9
4039,202.5
4040,1436.85
4041,187.2
4042,273.75
4044,452.25
4045,1357.95
4046,144.3
4047,330.9
4048,494.7
4049,282.9
4061,194.85
4062,356.1
4063,790.5
4064,118.8
4065,323.25
4066,100.35
4067,139.5
4068,231.15
4071,203.1
4072,245.7
4073,159.75
4074,240.3
4075,369.45
4076,218.4
4077,127.05
4078,51.15
4079,109.35
4080,538.95
4081,312.0
4082,1145.4
4083,319.5
4084,81.45
4091,222.75
4092,439.95
4093,106.2
4095,1488.9
4099,68.85
4100,274.2
4104,433.2
4105,58.65
4106,56.85
4107,116.1
4110,121.2
4111,120.6
4112,100.2
4117,118.05
4120,165.15
4121,425.85
4122,124.65
4123,1025.1
4124,258.3
4125,255.6
4131,252.15
4132,153.15
4133,96.9
4134,164.25
4135,256.05
4136,125.4
4137,48.9
4138,109.35
4139,467.25
4140,235.95
4141,577.8
4142,138.75
4143,193.8
4144,303.0
4145,172.8
4146,302.4
4147,156.75
4161,228.9
4163,620.1
4164,115.95
4165,307.35
4166,154.35
4169,281.55
4170,446.1
4172,114.3
4173,71.55
4175,105.45
4176,104.55
4177,236.25
4179,118.8
4181,123.45
4182,118.2
4183,152.55
4184,206.1
4185,369.0
4191,102.6
4192,157.35
4193,88.95
4194,277.05
4195,151.05
4196,190.2
4197,100.35
4198,134.7
4199,182.85
4200,359.1
4201,1311.0
4202,294.3
4203,336.6
4204,322.5
4205,236.25
4206,386.55
4207,396.9
4208,363.15
4209,513.45
4210,218.55
4221,98.55
4222,173.4
4223,195.15
4224,187.95
4226,59.1
4227,106.65
4228,247.35
4229,121.95
4230,126.75
4231,158.25
4232,42.6
4233,80.4
4234,283.65
4235,131.55
4236,789.0
4237,164.25
4238,149.4
4239,463.2
4240,256.2
4251,103.35
4252,557.4
4253,337.35
4254,801.0
4255,132.9
4256,108.6
4257,89.7
4258,1200.6
4259,114.0
4260,530.55
4261,171.45
4262,110.55
4263,201.0
4264,98.1
4271,566.55
4273,97.8
4274,324.9
4275,90.15
4276,436.35
4277,113.55
4279,333.6
4280,1026.9
4281,162.75
4282,711.9
4283,380.25
4284,145.65
4285,326.7
4286,171.9
4287,211.2
4288,49.05
4289,1562.4
4303,328.95
4304,341.85
4305,227.55
4306,72.9
4307,105.9
4309,267.45
4310,164.55
4311,189.75
4312,225.3
4313,212.4
4314,41.4
4318,159.9
4319,92.4
4320,107.55
4324,724.5
4401,896.55
4406,63.9
4411,430.95
4416,120.9
4421,188.1
4426,85.65
4431,241.35
4436,824.55
4441,103.95
4446,56.7
4451,140.25
4461,785.7
4471,483.9
4476,326.4
4486,242.1
4495,92.7
4501,324.45
4506,352.95
4511,226.5
4536,168.9
4545,326.1
4546,191.1
4551,809.85
4561,223.35
4566,2668.8
4571,322.8
4590,90.15
4591,261.6
4601,139.05
4606,129.75
4611,156.0
4616,197.55
4621,176.4
4641,192.3
4643,163.2
4646,240.45
4651,60.6
4656,169.8
4666,283.95
4671,1624.65
4681,146.85
4683,176.4
4691,370.65
4696,342.45
4701,179.4
4711,254.85
4716,111.15
4721,283.35
4723,110.7
4724,354.9
4726,352.2
4741,147.15
4746,428.4
4751,200.85
4756,101.4
4761,594.15
4776,145.2
4781,440.25
4786,170.7
4791,202.8
4801,112.95
4806,192.0
4811,110.7
4816,227.1
4821,176.55
4826,87.3
4831,295.65
4841,215.7
4846,68.25
4851,165.6
4864,309.9
4871,159.75
4881,200.4
4891,297.3
4901,151.8
4911,318.9
4921,483.75
4941,271.8
4946,1292.4
4951,242.4
5001,289.35
5002,3992.25
5003,236.55
5009,88.5
5010,97.2
5017,346.5
5048,208.95
5049,202.65
5050,225.45
5061,268.95
5063,39.6
5064,102.9
5071,44.25
5072,412.5
5073,107.85
5076,58.05
5077,95.7
5078,66.75
5079,163.65
5091,355.5
5096,66.3
5097,200.7
5108,254.55
5112,76.65
5113,1366.65
5115,372.6
5117,60.15
5118,341.1
5120,138.6
5121,62.1
5125,87.9
5131,202.35
5136,131.4
5138,175.8
5141,288.45
5143,35.25
5144,154.8
5146,58.05
5148,177.75
5149,63.75
5151,374.1
5154,94.8
5160,64.5
5161,80.25
5162,160.2
5167,203.25
5171,233.85
5176,149.85
5180,89.25
5181,55.8
5186,362.85
5187,92.7
5189,97.8
5192,4058.1
5193,110.4
5194,522.45
5195,56.55
5196,231.15
5197,102.45
5198,122.4
5199,261.3
5200,86.1
5203,113.85
5205,119.85
5206,39.3
5207,69.15
5208,89.85
5210,410.85
5212,89.1
5214,212.55
5216,118.65
5219,79.65
5221,339.45
5225,140.7
5226,407.25
5227,211.65
5230,68.25
5231,92.7
5233,61.05
5236,518.1
5237,138.45
5238,405.75
5239,298.8
5242,224.1
5249,163.35
5250,586.95
5251,135.3
5254,944.55
5257,250.8
5260,165.6
5263,183.45
5266,311.7
5268,178.5
5269,210.75
5281,510.9
5287,383.85
5304,29.1
5307,22.95
5309,22.35
5310,107.55
5315,11.55
5317,240.75
5323,81.3
5324,121.2
5396,163.65
5397,136.65
5398,571.5
5399,225.0
5401,919.95
5402,771.6
5403,66.9
5404,93.0
5405,188.4
5406,126.75
5407,559.35
5408,151.8
5409,774.3
5410,234.15
5411,240.6
5412,93.9
5413,180.3
5414,522.45
5415,136.65
5422,588.9
5423,62.25
5424,60.3
5425,138.3
5426,86.55
5427,75.0
5428,143.7
5429,73.5
5430,68.25
5431,65.85
5434,120.9
5435,93.75
5436,63.3
5437,57.75
5451,496.05
5456,224.55
5458,95.1
5464,375.3
5471,81.45
5472,72.45
5473,88.2
5474,69.15
5475,15.3
5476,31.65
5477,272.85
5479,76.05
5480,240.0
5481,58.5
5482,311.7
5483,45.0
5484,117.75
5485,61.35
5486,133.5
5487,66.3
5488,36.3
5489,269.85
5490,59.1
5491,80.1
5492,95.4
5493,41.1
5495,243.75
5496,153.6
5497,126.3
5498,218.1
5499,48.0
5501,78.15
5503,110.7
5511,177.15
5512,128.55
5514,99.3
5515,82.95
5516,192.6
5518,387.75
5520,139.8
5521,112.05
5522,118.95
5523,178.2
5527,110.55
5529,96.6
5530,65.4
5531,74.1
5533,107.25
5534,33.6
5535,106.95
5537,98.85
5539,103.35
5540,207.6
5541,151.65
5551,58.95
5552,99.0
5553,102.45
5554,117.45
5555,43.8
5556,61.35
5557,28.05
5559,63.15
5560,47.55
5561,339.45
5562,35.1
5563,31.05
5564,24.15
5565,95.4
5566,98.85
5568,426.9
5571,123.6
5581,249.9
5582,420.45
5583,1407.3
5584,676.05
5585,104.85
5586,14246.55
5587,3947.55
5588,191.7
5589,1251.9
5590,1463.85
5591,2445.6
5592,273.6
5601,179.85
5604,280.05
5606,721.8
5607,474.15
5609,60.75
5610,63.6
5611,355.8
5613,520.8
5621,296.25
5622,107.4
5623,117.6
5624,1159.8
5627,439.35
5628,38.85
5629,36.6
5631,90.75
5632,171.15
5633,258.45
5634,256.05
5635,3029.4
5636,456.9
5637,178.8
5638,349.35
5639,89.4
5640,66.6
5642,1582.8
5643,335.7
5645,114.3
5646,515.55
5648,434.55
5649,341.85
5650,34.5
5651,148.2
5652,73.5
5653,77.25
5654,75.15
5655,121.35
5656,373.65
5661,42.9
5663,38.25
5665,53.85
5669,47.1
5671,49.5
5673,51.6
5674,43.8
5675,390.45
5678,518.25
5680,60.45
5683,37.8
5684,41.7
5688,88.95
5690,55.2
5692,84.75
5693,286.95
5701,46.05
5702,249.6
5703,137.1
5704,157.2
5705,81.75
5706,105.6
5707,172.5
5708,117.6
5709,133.35
5710,83.7
5711,227.85
5712,232.65
5713,197.55
5714,110.7
5715,101.85
5716,160.2
5717,306.45
5718,184.35
5719,168.75
5720,101.1
5721,916.35
5722,74.55
5723,168.6
5724,2197.5
5725,326.7
5726,114.3
5727,281.55
5728,98.1
5729,123.15
5730,134.7
5731,109.8
5732,112.8
5741,55.8
5742,44.85
5743,66.45
5744,139.95
5745,132.9
5746,114.9
5747,43.8
5748,45.6
5749,478.95
5750,36.45
5752,51.6
5754,56.85
5755,85.95
5756,69.9
5757,732.6
5758,37.2
5759,106.05
5760,99.45
5761,59.25
5762,32.85
5763,82.2
5764,364.2
5765,83.55
5766,75.0
5785,89.55
5790,75.15
5792,73.8
5798,84.3
5799,192.6
5803,65.4
5804,164.55
5805,589.05
5806,212.7
5812,42.45
5813,96.0
5816,210.3
5817,99.75
5819,96.45
5821,48.3
5822,1062.75
5827,57.0
5828,39.0
5830,87.15
5831,340.05
5841,335.7
5842,102.9
5843,127.2
5851,131.25
5852,116.55
5853,96.45
5854,55.5
5855,85.5
5856,96.75
5857,108.0
5858,66.0
5859,238.35
5860,123.9
5861,954.45
5862,44.25
5863,59.85
5871,135.9
5872,527.4
5873,138.75
5882,268.95
5883,182.7
5884,307.2
5885,136.5
5886,2522.55
5889,684.15
5890,2176.35
5891,106.8
5892,974.4
5902,64.2
5903,42.9
5904,83.25
5905,102.15
5907,47.85
5908,17.85
5909,117.3
5910,61.05
5911,44.85
5912,20.55
5913,90.0
5914,62.1
5919,78.0
5921,51.75
5922,204.0
5923,59.55
5924,52.5
5925,36.15
5926,97.2
5928,25.5
5929,45.15
5930,28.8
5931,52.95
5932,31.65
5933,61.8
5934,57.45
5935,28.5
5937,31.35
5938,2694.0
5939,313.2
6002,1093.65
6004,40.5
6007,521.1
6008,150.9
6009,109.8
6010,83.85
6011,42.3
6021,241.35
6022,410.7
6023,682.65
6024,662.7
6025,361.95
6032,122.55
6033,112.2
6034,342.45
6035,141.0
6037,1156.8
6052,71.1
6054,43.35
6056,70.65
6057,106.05
6058,91.65
6061,34.35
6076,133.05
6077,167.85
6082,385.8
6083,204.6
6084,203.25
6087,156.45
6089,251.7
6090,201.0
6101,66.0
6102,77.55
6104,45.3
6109,33.6
6110,353.55
6111,204.15
6112,48.0
6113,146.7
6116,70.95
6117,62.25
6118,181.65
6119,121.5
6131,122.25
6133,652.95
6134,124.65
6135,340.95
6136,2135.85
6137,323.25
6139,341.1
6140,261.3
6141,553.05
6142,60.9
6151,186.15
6152,704.25
6153,1720.8
6154,433.5
6155,247.95
6156,505.35
6157,238.8
6158,311.85
6159,384.0
6172,5.4
6173,81.0
6177,66.0
6181,56.85
6191,77.7
6192,58.05
6193,92.4
6194,63.15
6195,56.1
6197,29.85
6198,63.75
6199,152.25
6201,47.25
6202,56.7
6203,66.75
6204,136.5
6205,55.5
6211,73.35
6212,115.05
6213,194.7
6214,190.95
6215,171.0
6217,499.5
6218,179.1
6219,195.0
6220,77.1
6232,305.85
6235,138.3
6238,218.85
6239,76.8
6240,443.4
6246,150.45
6248,1599.0
6252,386.1
6253,1053.9
6254,279.75
6261,130.8
6263,227.4
6265,559.05
6266,5129.85
6267,72.6
6281,72.0
6282,40.05
6283,29.4
6285,122.25
6286,44.1
6287,62.85
6288,34.65
6289,52.35
6290,130.95
6291,73.65
6292,221.1
6293,88.8
6294,65.85
6295,84.75
6296,68.85
6297,1110.0
6298,131.7
6299,37.2
6300,299.25
6404,568.95
6408,426.3
6413,182.1
6416,617.1
6417,952.65
6421,2563.65
6422,94.35
6423,151.65
6432,140.55
6433,88.2
6434,43.65
6435,71.25
6436,952.2
6437,147.0
6451,162.9
6452,253.8
6453,60.75
6454,169.2
6455,363.0
6456,129.6
6458,4903.5
6459,250.65
6461,850.05
6487,1603.65
6504,87.6
6511,87.3
6512,874.95
6601,81.3
6602,185.1
6603,145.95
6604,106.95
6605,181.5
6606,272.7
6607,535.05
6608,2871.15
6609,81.0
6610,85.05
6611,83.4
6612,506.85
6613,282.15
6614,70.65
6615,169.35
6616,486.3
6617,369.45
6618,197.85
6619,157.65
6620,125.85
6621,10609.35
6622,217.95
6623,991.2
6624,59.7
6625,123.0
6626,182.1
6627,55.5
6628,1339.35
6629,154.95
6630,1945.2
6631,570.6
6632,158.4
6633,816.9
6634,294.75
6635,89.4
6636,135.9
6637,101.55
6638,760.2
6639,80.25
6640,460.8
6641,179.25
6642,226.5
6643,1734.0
6644,703.8
6645,471.15
6702,103.35
6703,48.6
6704,56.1
6706,55.65
6708,247.35
6709,199.2
6710,204.9
6711,1390.05
6712,134.25
6713,30.45
6715,65.4
6716,32.7
6718,54.0
6719,72.15
6721,57.6
6722,41.7
6724,89.25
6729,554.1
6730,276.75
6741,36.0
6742,174.0
6743,138.45
6744,15.9
6745,26.7
6748,81.9
6750,70.5
6751,104.55
6753,104.1
6754,210.9
6757,241.05
6758,50.25
6759,73.35
6771,107.4
6773,42.75
6774,148.8
6775,54.0
6778,81.15
6781,54.6
6782,98.55
6783,42.3
6784,162.3
6785,73.95
6787,28.2
6789,55.65
6790,171.15
6792,46.65
6793,31.65
6800,605.25
6806,47.85
6807,113.55
6808,191.7
6809,186.75
6810,171.75
