municipality,RMSE,Error,Error_percentage
1,0.037707714,256.8241658,0.071441064
2,0.035529283,248.2167178,0.052825497
3,0.040195467,291.4030088,0.072556463
4,0.045132194,306.2445546,0.074588608
5,0.040209658,263.2300511,0.084133849
6,0.052772698,383.1678186,0.085917148
7,0.032770126,214.4234203,0.04545774
8,0.072236935,438.6135678,0.149278893
9,0.061948299,356.6644582,0.116405553
10,0.044709549,289.0134427,0.062106706
11,0.04421001,305.5104973,0.077760572
12,0.025617804,146.2814874,0.036780776
13,0.044022385,277.4638423,0.083573665
14,0.046630487,312.1742727,0.081001244
22,0.044592813,288.9052499,0.085982291
23,0.029353256,168.7125624,0.042132741
24,0.041130604,282.2181341,0.058161183
25,0.056080163,324.1469531,0.110945707
26,0.050524354,340.1959196,0.073868372
27,0.044222219,292.3307239,0.061411801
28,0.023549742,151.8947481,0.033428978
29,0.066949825,396.1029857,0.134549288
31,0.045154022,296.368946,0.0619478
33,0.035205364,253.4251665,0.061770967
34,0.044083758,271.9306895,0.085536641
35,0.045149955,277.7715146,0.079287979
37,0.034213058,221.9749758,0.047154233
38,0.025108811,181.431593,0.032710635
39,0.030794897,210.4315297,0.055241791
40,0.052419502,329.7125825,0.094969408
41,0.02144838,141.8027068,0.035373787
43,0.038493587,260.6762886,0.08110158
51,0.048987299,334.9131942,0.069430718
52,0.043512197,311.1579958,0.074957253
53,0.040767325,300.8241113,0.067663047
54,0.034721867,236.7416797,0.05470972
55,0.040609863,263.8445664,0.056940377
56,0.031514531,212.1510484,0.046109334
57,0.052355411,321.1029153,0.102594067
58,0.034935668,227.7388181,0.064709033
59,0.059145123,353.8290221,0.11595937
60,0.036329066,253.428405,0.060414791
61,0.028181241,180.7060701,0.05321051
62,0.029453074,194.2183665,0.044894119
63,0.040546852,269.3087583,0.056294159
64,0.045567932,274.1023022,0.078473815
65,0.030642702,179.0194787,0.050777381
66,0.031713974,199.0477129,0.053295482
67,0.038631557,239.9350143,0.071855563
68,0.052195015,388.2816474,0.093299811
69,0.031581879,218.3487695,0.048502205
70,0.027187944,175.0078138,0.048829077
71,0.023497669,150.3500357,0.036299283
72,0.054332112,311.7697999,0.0957482
81,0.03407666,231.9854621,0.056165547
82,0.04770678,334.6045256,0.08948095
83,0.04770227,322.501127,0.081671849
84,0.042050536,297.9553695,0.064018068
85,0.066884105,408.0524659,0.137626783
86,0.038780775,263.611955,0.056407649
87,0.046058303,280.8230423,0.068810479
88,0.049745389,367.127923,0.086192209
89,0.052470244,306.1000148,0.088946251
90,0.040004476,242.0115114,0.067509617
91,0.042679546,298.7565451,0.067043234
92,0.042666653,290.6034546,0.075168329
93,0.031647195,219.5149986,0.054806004
94,0.0321047,211.2764934,0.048342647
95,0.072236935,438.6135678,0.149278893
96,0.036823847,262.3492407,0.060120534
97,0.04394841,299.1747634,0.06021773
98,0.072236935,438.6135678,0.149278893
99,0.065642141,395.1449833,0.130599284
100,0.036512321,244.5067366,0.055076371
101,0.032233094,207.7716132,0.049646913
102,0.043506287,269.1766382,0.083186986
111,0.041280027,261.9688711,0.082828211
112,0.033096354,204.0690307,0.05329793
113,0.045195793,335.1700735,0.075844276
114,0.032510648,192.9766057,0.056706047
115,0.039729001,257.053352,0.067888149
116,0.029140276,201.1856494,0.046696024
117,0.038558384,255.8409142,0.052892796
118,0.040924781,257.1846411,0.072034945
119,0.041173403,272.4226542,0.078564549
120,0.045777068,331.7685353,0.073638644
121,0.046151203,293.6064944,0.062040857
131,0.040426808,249.3515102,0.071432755
135,0.030858069,202.836932,0.043289987
136,0.036101244,232.1133211,0.061401145
137,0.041017139,278.6845491,0.076671904
138,0.037305793,251.1174568,0.065560953
139,0.043443164,280.54107,0.056752296
141,0.051463822,374.3808737,0.081932863
151,0.039211142,276.5756613,0.058756801
152,0.028218717,183.9394874,0.041911453
153,0.038404363,259.0418247,0.064395717
154,0.034517833,220.3918427,0.055181956
155,0.036834465,247.9559191,0.062873867
156,0.028915742,185.984947,0.048189454
157,0.040480848,287.8887034,0.066246722
158,0.041108222,267.2707491,0.056509908
159,0.04321624,314.0197325,0.069894934
160,0.039941954,280.5004515,0.058553982
161,0.022967779,139.64001,0.034505363
172,0.040484872,286.6642175,0.072127361
173,0.04200294,284.3602585,0.082545711
176,0.03561163,248.6787782,0.069294053
177,0.04197398,269.6957827,0.07823663
178,0.044937359,326.8168575,0.078454494
180,0.058822802,373.3994432,0.121099757
181,0.034806771,236.8696137,0.051859306
182,0.045288444,270.6206973,0.08582193
191,0.042068314,288.1686408,0.058358555
192,0.041466698,255.9060587,0.068895519
193,0.047102515,296.5344183,0.081724586
194,0.053485773,322.420049,0.101162541
195,0.046788149,331.3029257,0.073004325
196,0.036907747,254.1787238,0.06838936
197,0.041527737,275.703895,0.056621666
198,0.034775305,232.1109427,0.065737576
199,0.038872291,257.4737627,0.052159487
200,0.039387874,266.7123327,0.054219889
211,0.032895357,210.9742141,0.059678066
213,0.056080163,324.1469531,0.110945707
214,0.05245867,349.7080744,0.075692183
215,0.031647195,219.5149986,0.054806004
216,0.031647195,219.5149986,0.054806004
218,0.030138305,197.7083924,0.046334161
219,0.044565897,300.2508177,0.061580144
220,0.067040138,399.2102741,0.142774506
221,0.040965447,271.4935528,0.05797371
223,0.045672516,329.6566475,0.075469802
224,0.029604988,193.6914484,0.053945288
225,0.038360611,249.0586327,0.058201505
226,0.031647195,219.5149986,0.054806004
227,0.039506729,275.2725585,0.058905412
228,0.037326358,259.8146636,0.051594642
230,0.038070456,261.9832478,0.059194715
231,0.040873599,255.3287465,0.080474142
241,0.042990435,269.7521938,0.091322776
242,0.047813541,348.8208616,0.084994112
243,0.045715819,338.7498747,0.078665992
244,0.044052093,299.7640447,0.060619636
245,0.033309686,235.0700694,0.053925875
246,0.041449406,268.2673172,0.087073311
247,0.039385112,282.4771655,0.06165722
248,0.051111025,383.7569479,0.087943281
249,0.043083709,311.7097084,0.074859283
250,0.043021174,286.4546255,0.058863082
251,0.038323092,256.6146505,0.065806649
261,0.025390414,174.6454302,0.041925192
291,0.038497483,265.1101208,0.058126022
292,0.043982344,291.6751371,0.061363395
293,0.043960995,329.9182978,0.075131978
294,0.045659082,278.916545,0.086856958
295,0.041566268,267.8457025,0.055484307
296,0.043363152,317.0605001,0.073092569
297,0.044477259,284.4620378,0.083612325
298,0.045750634,330.6854896,0.070668974
301,0.041061274,266.5852116,0.076207135
302,0.034439055,204.973434,0.055923251
303,0.048296374,323.0276965,0.071277351
304,0.03608726,237.5864262,0.049589802
305,0.037588319,244.3279468,0.061755974
306,0.036167107,244.497436,0.05697948
307,0.024709021,150.1664049,0.039704054
309,0.018651799,121.668794,0.032000298
310,0.034816932,224.6802519,0.048435869
311,0.023561178,150.7390738,0.041284525
312,0.037203882,229.9684161,0.068455319
321,0.032737105,226.2750406,0.051101173
322,0.031647195,219.5149986,0.054806004
323,0.045578547,295.6421121,0.083809121
324,0.039254566,213.2552427,0.057856969
325,0.056080163,324.1469531,0.110945707
326,0.040663631,253.4731616,0.078437266
329,0.03576724,247.9698141,0.056298025
331,0.031686028,191.7319675,0.053830635
332,0.03134595,216.4452582,0.050539556
333,0.029506263,186.9810212,0.044488912
335,0.056080163,324.1469531,0.110945707
336,0.056080163,324.1469531,0.110945707
337,0.023773097,159.8866568,0.039642069
338,0.036499764,242.4330174,0.069955912
339,0.041141791,251.5224456,0.076398555
340,0.032264032,195.8649485,0.051772763
341,0.063318342,328.8113526,0.095227834
342,0.052798515,315.554443,0.100802892
344,0.025173878,160.3637277,0.041402873
345,0.023807962,160.755372,0.038111703
351,0.029195646,188.7020609,0.044433837
352,0.042304668,308.2633632,0.072783278
353,0.04120197,268.6128612,0.079678864
354,0.036005522,235.9869265,0.062241078
355,0.03143466,204.0267553,0.052238368
356,0.037587497,254.6535864,0.059039641
357,0.032446044,198.8065198,0.05422926
358,0.05157511,295.4777126,0.089219359
359,0.034940881,243.7004157,0.070063901
360,0.039687667,265.1811285,0.067786687
361,0.040115861,275.0385106,0.06730656
362,0.043852591,304.4061322,0.076859063
363,0.037678858,261.8481342,0.062756967
371,0.038636898,275.2065134,0.061536947
372,0.037117263,224.6674961,0.059065339
381,0.052037927,315.1389062,0.100605729
382,0.027146816,162.0550648,0.043482277
383,0.025802789,175.5000164,0.039528384
385,0.035420121,195.2724721,0.052225164
386,0.034320391,233.665456,0.048363654
387,0.030933271,220.7266718,0.06012424
388,0.041141791,251.5224456,0.076398555
389,0.031647195,219.5149986,0.054806004
390,0.02228783,133.4676027,0.037935933
391,0.063318342,328.8113526,0.095227834
392,0.038376064,261.62691,0.065238467
393,0.041498019,247.7102895,0.074180149
394,0.023821545,160.284754,0.036418749
401,0.055969583,372.4627192,0.072223058
402,0.041839217,252.3987026,0.070349705
403,0.056080163,324.1469531,0.110945707
404,0.040756421,289.9117096,0.065079135
405,0.028361813,190.098783,0.051095514
406,0.037362903,254.659496,0.053973693
407,0.021173602,125.7663343,0.032557252
408,0.054923293,323.266002,0.115215603
409,0.026367804,174.1832063,0.047662041
410,0.031647195,219.5149986,0.054806004
411,0.031647195,219.5149986,0.054806004
412,0.032746616,206.3172243,0.049606623
413,0.034577787,228.8732245,0.044596004
414,0.027481589,161.4695128,0.043782746
415,0.048021692,322.2153066,0.063970351
418,0.03253716,215.575153,0.04552496
420,0.045448931,280.3090603,0.087822471
421,0.072236935,438.6135678,0.149278893
422,0.031647195,219.5149986,0.054806004
423,0.046058303,280.8230423,0.068810479
424,0.033748899,208.58733,0.043374929
431,0.046058303,280.8230423,0.068810479
432,0.024207216,151.4038142,0.040428948
433,0.041839217,252.3987026,0.070349705
434,0.02382133,148.3712969,0.04304714
435,0.031647195,219.5149986,0.054806004
437,0.035420121,195.2724721,0.052225164
438,0.045579893,309.5770267,0.065787917
441,0.04608156,294.9788491,0.058373561
442,0.038942482,259.7489634,0.051390331
443,0.022891139,146.4423374,0.036566166
444,0.028341455,171.479654,0.034970738
445,0.049908068,333.7616062,0.064501629
446,0.028083826,176.5343213,0.04355027
448,0.058683603,392.7960706,0.076286475
449,0.023892562,162.524714,0.039826213
450,0.03031447,211.9764274,0.051473634
491,0.035420121,195.2724721,0.052225164
492,0.030369176,188.9882599,0.055369038
493,0.056080163,324.1469531,0.110945707
494,0.046022151,281.9292758,0.08009443
495,0.023677762,158.3717977,0.037850601
496,0.053028977,324.662625,0.101213812
497,0.030410409,195.958483,0.057379366
498,0.02979159,198.7402781,0.039030086
499,0.058683603,392.7960706,0.076286475
500,0.031647195,219.5149986,0.054806004
501,0.01858097,124.6578753,0.022425291
502,0.03155181,204.1846211,0.061495829
533,0.046431538,309.6288069,0.086191874
535,0.035420121,195.2724721,0.052225164
538,0.031492423,215.7713977,0.063489298
540,0.036062032,245.5082762,0.070049086
541,0.031647195,219.5149986,0.054806004
543,0.061161339,376.4272182,0.123775382
544,0.041532365,288.0452104,0.069075433
546,0.033939907,237.5443556,0.057548452
551,0.048743573,304.3549893,0.087150603
552,0.032348472,224.8791259,0.054194701
553,0.031647195,219.5149986,0.054806004
554,0.035882138,227.6652242,0.06164582
556,0.040845016,230.9896652,0.062615792
557,0.046058303,280.8230423,0.068810479
561,0.028447223,176.5776659,0.044204102
562,0.020586822,127.865347,0.033694052
563,0.045096464,294.3628084,0.061110678
564,0.038817928,241.5724693,0.047689938
565,0.020192344,126.6014909,0.027493605
566,0.023083449,153.2011597,0.040778501
567,0.022407847,147.0753246,0.033164448
571,0.040511404,279.3227734,0.057425486
572,0.041057131,273.9147754,0.079604836
573,0.032301464,207.724555,0.040629561
574,0.054655823,316.7826318,0.09865744
575,0.020376676,128.54111,0.03018685
576,0.024010539,155.714556,0.032667113
577,0.044403764,301.2504363,0.063582699
578,0.028607608,180.2455933,0.050924999
579,0.045121353,307.5675707,0.090127036
580,0.066087318,382.7968435,0.131420072
581,0.038417831,254.4542836,0.053543196
582,0.01925995,125.6489973,0.029175986
584,0.02308044,157.5957467,0.040406166
585,0.037036768,243.1326365,0.04861435
586,0.02901492,177.3002796,0.043945243
587,0.043033002,300.9227736,0.075458017
588,0.028607608,180.2455933,0.050924999
589,0.0291609,178.3154215,0.042706439
590,0.044666408,324.737494,0.077834481
591,0.046058303,280.8230423,0.068810479
592,0.036844169,227.5022488,0.074177819
593,0.032050869,215.4714764,0.057654656
594,0.039344707,262.0976904,0.05557415
602,0.025629731,165.367267,0.044683214
603,0.022665713,133.7903863,0.030202144
605,0.03016736,202.7034922,0.051543604
606,0.021993644,136.5503161,0.038071524
607,0.054923293,323.266002,0.115215603
608,0.027186795,161.749556,0.042139317
609,0.031784456,200.6604811,0.056680026
610,0.031647195,219.5149986,0.054806004
611,0.036083848,242.4567244,0.072639843
612,0.037342657,255.5384697,0.06026538
613,0.035249657,236.4477717,0.072865488
614,0.039173587,255.158989,0.068786654
615,0.031647195,219.5149986,0.054806004
616,0.025397281,163.5794528,0.034060654
617,0.056080163,324.1469531,0.110945707
619,0.040877572,258.8010073,0.072717091
620,0.029738885,174.5314159,0.04288037
622,0.030410409,195.958483,0.057379366
623,0.055414379,324.0718126,0.106393667
626,0.032100286,203.633558,0.042527128
627,0.039104535,261.3134521,0.053649364
628,0.039910733,259.0181937,0.073000603
629,0.0242031,155.9653344,0.043780723
630,0.035289801,193.4212158,0.054171099
632,0.047837033,320.2598385,0.064950614
662,0.047918757,310.5079418,0.060373472
663,0.03202596,222.2122037,0.050303933
665,0.030410409,195.958483,0.057379366
666,0.040845016,230.9896652,0.062615792
667,0.019182865,129.3318638,0.030938863
668,0.031941796,208.83352,0.058286061
669,0.031647195,219.5149986,0.054806004
670,0.035028203,229.0164772,0.048017258
671,0.02617502,153.3954443,0.042801496
681,0.041178526,259.7283165,0.060482601
683,0.040845016,230.9896652,0.062615792
687,0.028181241,180.7060701,0.05321051
690,0.040885638,248.9440226,0.049829404
691,0.032691022,225.8812961,0.052439318
692,0.047702575,320.1147152,0.063499468
694,0.058683603,392.7960706,0.076286475
696,0.027466323,186.4424028,0.043049632
700,0.025933688,168.3284676,0.036935809
701,0.037422407,194.3149577,0.052754944
703,0.021173329,140.8306606,0.031925755
704,0.058683603,392.7960706,0.076286475
706,0.029514143,207.7172888,0.042767182
707,0.028181241,180.7060701,0.05321051
708,0.023966607,139.3529284,0.036718059
709,0.028181241,180.7060701,0.05321051
711,0.046058303,280.8230423,0.068810479
713,0.037826151,269.040315,0.058448379
715,0.023966607,139.3529284,0.036718059
716,0.032983948,206.8624681,0.051153798
717,0.038166412,251.1450791,0.051990131
723,0.037321931,233.3514248,0.060316989
724,0.034126383,228.7069532,0.050013698
726,0.022459048,146.2784398,0.036470176
731,0.035420121,195.2724721,0.052225164
732,0.072236935,438.6135678,0.149278893
733,0.041086995,294.6342955,0.069897454
734,0.023057342,129.9162147,0.036732176
735,0.031647195,219.5149986,0.054806004
736,0.031647195,219.5149986,0.054806004
737,0.028927878,180.4705673,0.048194989
738,0.045097497,291.5340857,0.057927468
739,0.067040138,399.2102741,0.142774506
740,0.031647195,219.5149986,0.054806004
741,0.034126383,228.7069532,0.050013698
742,0.038265922,244.4626752,0.063705573
743,0.036403095,239.2782049,0.061858084
744,0.04145467,268.5320466,0.072273352
745,0.025975296,159.9714067,0.034933702
746,0.039038435,248.3350917,0.061836009
747,0.046058303,280.8230423,0.068810479
748,0.035420121,195.2724721,0.052225164
749,0.044564037,292.9974347,0.079486461
750,0.02415299,151.0111464,0.041821547
751,0.032118639,214.9611131,0.063351358
754,0.040067484,270.7350733,0.055267198
755,0.027085129,170.3211594,0.045272526
756,0.034749189,225.2028226,0.051018046
761,0.030687895,178.0492897,0.0434578
762,0.048552734,361.8969274,0.082278101
763,0.020895234,140.8033573,0.02965568
766,0.022618822,137.5875668,0.03354059
767,0.038333062,251.5963969,0.080373067
768,0.030282828,202.4009314,0.04661191
769,0.022330384,147.3591885,0.034565571
770,0.036844169,227.5022488,0.074177819
782,0.021152174,132.6470479,0.034429251
783,0.029878435,198.4293277,0.047982105
784,0.040511763,240.8932216,0.045903851
785,0.038241684,269.3887218,0.056447028
786,0.022425121,124.6366817,0.027259889
791,0.031301575,195.0546068,0.054486298
792,0.031605861,182.9109989,0.046232336
793,0.051601486,339.4203247,0.068020202
794,0.02817088,172.9567284,0.044470993
841,0.056080163,324.1469531,0.110945707
842,0.039362124,258.8220618,0.054072882
843,0.029300798,171.9121574,0.046473761
852,0.02909808,188.294712,0.055180904
853,0.025292946,164.5350547,0.042276148
855,0.03538889,241.5374084,0.049530403
861,0.030751992,215.5205458,0.050805601
863,0.024709021,150.1664049,0.039704054
866,0.046527829,310.4305474,0.094026479
867,0.028927878,180.4705673,0.048194989
868,0.031647195,219.5149986,0.054806004
869,0.05446304,305.0917055,0.105062778
870,0.036646487,253.6065777,0.072556129
872,0.0297106,173.5850518,0.045775615
877,0.056080163,324.1469531,0.110945707
879,0.020308601,132.5655252,0.033129076
880,0.029530697,186.1805448,0.054388646
883,0.058257766,427.4621271,0.096679856
884,0.035251632,243.6187435,0.070596452
885,0.03155181,204.1846211,0.061495829
886,0.029238465,200.8534189,0.050553205
888,0.054937661,334.368424,0.119112073
889,0.024653507,151.5619848,0.043382516
901,0.028364345,173.5014176,0.045513258
902,0.033610962,227.9849397,0.054739548
903,0.032562501,218.6781449,0.048542421
904,0.037117263,224.6674961,0.059065339
905,0.046619234,318.1156707,0.069411872
906,0.02720416,165.4100389,0.047388867
907,0.036404521,229.7926219,0.06060517
908,0.028853688,184.7563421,0.037531245
909,0.03790597,238.8206141,0.047993865
921,0.031962098,191.7556988,0.056531941
922,0.04828561,328.8230853,0.068551387
923,0.022685408,130.3166668,0.032341748
924,0.032264032,195.8649485,0.051772763
925,0.040845016,230.9896652,0.062615792
927,0.031777521,208.7550727,0.058445706
928,0.039316191,289.0092726,0.066580315
929,0.035016107,227.4883348,0.069281857
931,0.0242031,155.9653344,0.043780723
932,0.056080163,324.1469531,0.110945707
934,0.030694706,194.4542337,0.057483335
935,0.023221181,133.2598279,0.033508853
936,0.063318342,328.8113526,0.095227834
938,0.031484003,209.2774394,0.048468287
939,0.036898179,267.6521144,0.060897769
940,0.030410409,195.958483,0.057379366
941,0.03717709,252.3292741,0.056862165
942,0.034653873,225.3967368,0.057971784
943,0.040845016,230.9896652,0.062615792
944,0.040869882,277.7581309,0.060054184
945,0.063318342,328.8113526,0.095227834
946,0.046058303,280.8230423,0.068810479
948,0.061626947,352.2706869,0.123721178
951,0.059845577,451.4828702,0.102913143
952,0.031907251,208.016923,0.04994398
953,0.022190267,138.4412139,0.029750033
954,0.029253395,191.4054475,0.041121584
955,0.039405942,250.1696104,0.072427452
956,0.055500567,336.716091,0.111347277
957,0.035540607,230.8887403,0.05519931
958,0.038051989,253.8448116,0.063288081
959,0.049159683,350.9904892,0.086842765
960,0.023076764,141.9226715,0.039097621
971,0.063318342,328.8113526,0.095227834
972,0.035420121,195.2724721,0.052225164
973,0.063318342,328.8113526,0.095227834
975,0.031647195,219.5149986,0.054806004
976,0.049085884,326.3081315,0.062955894
977,0.020291814,126.3216271,0.033353723
979,0.039365009,280.4517315,0.063874263
980,0.046058303,280.8230423,0.068810479
981,0.022375332,139.6131695,0.037411009
982,0.052355411,321.1029153,0.102594067
983,0.024294656,158.4544829,0.042080827
985,0.02901492,177.3002796,0.043945243
987,0.03492838,233.5489963,0.073903504
988,0.023768403,161.4986871,0.043777199
989,0.03818858,257.7594371,0.05284037
990,0.037718742,211.0642269,0.0524502
991,0.031647195,219.5149986,0.054806004
992,0.028167214,187.7478834,0.044529642
995,0.03230995,216.3658702,0.047971355
1001,0.031647195,219.5149986,0.054806004
1002,0.033392184,229.9747552,0.059098403
1004,0.040270305,253.7017791,0.049572027
1005,0.060949087,461.1261567,0.105196237
1007,0.056080163,324.1469531,0.110945707
1008,0.038483283,279.8615739,0.066476474
1009,0.04605208,319.7190619,0.084045418
1010,0.046260597,271.8000622,0.080879768
1021,0.043476837,280.9822496,0.056943132
1023,0.050558279,310.7334215,0.097801687
1024,0.03660994,262.0794495,0.057313187
1025,0.031647195,219.5149986,0.054806004
1026,0.058480202,348.7400917,0.114185794
1030,0.045467837,330.0617805,0.076159037
1031,0.041456121,286.0030837,0.071998658
1032,0.057106321,352.2540591,0.114077491
1033,0.050128525,299.0442924,0.097442021
1037,0.044760195,281.5955399,0.079568988
1039,0.050275656,372.7587365,0.083481958
1040,0.024808496,150.8895134,0.034842043
1041,0.056080163,324.1469531,0.110945707
1051,0.034005152,232.2289629,0.053200321
1052,0.034861375,228.2130485,0.044552832
1053,0.054815749,339.0684077,0.097027562
1054,0.039884199,275.0618832,0.070453419
1055,0.040684869,280.6588753,0.069925327
1056,0.049138667,325.3925342,0.102213904
1057,0.058683603,392.7960706,0.076286475
1058,0.046589486,313.6766716,0.081554578
1059,0.044750146,333.3344716,0.077913554
1061,0.032484585,214.0209346,0.050925288
1062,0.045914328,333.6798292,0.080598238
1063,0.040433408,295.5055482,0.071127101
1064,0.052369586,323.0074463,0.100676375
1065,0.040261031,268.559943,0.071637459
1066,0.055532856,315.1422805,0.107800835
1067,0.056468606,330.4814966,0.107860194
1068,0.028599429,181.6144356,0.049596558
1069,0.042926467,292.2788335,0.067152707
1081,0.04304373,314.6021775,0.075832969
1082,0.048786875,278.0304432,0.084674169
1083,0.046712754,311.6884662,0.084850475
1084,0.072236935,438.6135678,0.149278893
1085,0.05242363,380.9572427,0.094894687
1086,0.054521359,307.8369061,0.105818012
1088,0.055811334,406.7766759,0.098013396
1089,0.062002265,362.6784717,0.122889
1091,0.067040138,399.2102741,0.142774506
1093,0.037936584,273.5500114,0.065682851
1094,0.048272447,333.8871898,0.068090721
1095,0.043237149,271.3274997,0.076903661
1097,0.044268636,302.3790512,0.063575841
1098,0.044637523,298.423788,0.062928401
1099,0.048152656,349.9814468,0.07716713
1100,0.061626947,352.2706869,0.123721178
1102,0.048700262,308.0048792,0.09332453
1103,0.041130331,285.2605266,0.070966524
1104,0.052140776,387.9735968,0.09310117
1107,0.046840304,307.2314273,0.080934927
1121,0.056080163,324.1469531,0.110945707
1122,0.056080163,324.1469531,0.110945707
1123,0.0514122,368.8914683,0.083619712
1125,0.030400316,203.6855392,0.040558577
1127,0.049597674,336.3330171,0.070209052
1128,0.050583899,378.073877,0.085647095
1129,0.056080163,324.1469531,0.110945707
1131,0.049274156,286.7938804,0.095773255
1132,0.056080163,324.1469531,0.110945707
1135,0.055023576,315.0253019,0.107612322
1136,0.040260752,250.0597207,0.081194741
1137,0.036972598,250.62134,0.053198632
1139,0.043258089,279.0085797,0.07447464
1140,0.041743845,294.0959668,0.064906609
1142,0.049078632,300.770261,0.09260327
1143,0.039014215,280.3982962,0.06996336
1145,0.064584208,383.3152969,0.130097596
1146,0.054596694,396.0789604,0.096838993
1147,0.031686028,191.7319675,0.053830635
1150,0.056577272,325.3530507,0.100094433
1151,0.054570207,309.0492118,0.097704999
1201,0.038641974,248.7230428,0.067120442
1202,0.020767844,119.7633664,0.02888658
1203,0.030410409,195.958483,0.057379366
1205,0.031647195,219.5149986,0.054806004
1206,0.039113781,231.1081314,0.066446976
1207,0.033094047,178.2670475,0.055783757
1208,0.056080163,324.1469531,0.110945707
1209,0.021658925,139.023672,0.036990749
1210,0.031647195,219.5149986,0.054806004
1211,0.056080163,324.1469531,0.110945707
1212,0.040805101,238.5419594,0.076902263
1213,0.058683603,392.7960706,0.076286475
1214,0.0237854,153.0850427,0.045667135
1215,0.029467454,165.7586856,0.046523686
1216,0.031647195,219.5149986,0.054806004
1217,0.031647195,219.5149986,0.054806004
1218,0.035210136,207.9107043,0.05920822
1219,0.024043687,134.8982802,0.035541916
1220,0.02228783,133.4676027,0.037935933
1301,0.046706059,283.6314152,0.086119723
1311,0.051086056,337.2309598,0.064981292
1321,0.030193212,188.2266625,0.059793788
1322,0.036492832,245.2514313,0.065936874
1323,0.044370262,326.6003527,0.076818942
1331,0.041680645,283.1622385,0.057754589
1341,0.049834581,360.613627,0.081505379
1342,0.052844167,330.3902377,0.105272061
1343,0.058683603,392.7960706,0.076286475
1344,0.044262252,272.2594191,0.078780844
1345,0.045188307,278.7801843,0.088656054
1346,0.046503434,335.4689882,0.076838538
1347,0.046200506,281.2056365,0.081640011
1348,0.058683603,392.7960706,0.076286475
1349,0.042068206,294.0848566,0.073606881
1361,0.062738231,371.4509024,0.121126701
1362,0.038114558,268.6090341,0.064640214
1363,0.0237854,153.0850427,0.045667135
1364,0.04080509,247.5089049,0.071186356
1365,0.054923293,323.266002,0.115215603
1366,0.056080163,324.1469531,0.110945707
1367,0.04770678,334.6045256,0.08948095
1368,0.023697599,140.9002481,0.041239628
1369,0.056080163,324.1469531,0.110945707
1370,0.062559632,373.6035118,0.128789675
1371,0.061626947,352.2706869,0.123721178
1372,0.029582265,199.021521,0.040871867
1373,0.0515404,316.4326712,0.101025683
1374,0.051631439,310.7835937,0.097637892
1375,0.043159246,303.0070444,0.075915564
1401,0.030728451,207.9884115,0.060918592
1402,0.036780501,265.8755474,0.063131254
1403,0.037566049,259.7801345,0.077937961
1404,0.03432233,223.6643795,0.043828763
1405,0.036142813,235.2806165,0.073074627
1406,0.054861954,332.1317212,0.071743579
1407,0.037867847,246.935173,0.050684175
1501,0.036958147,228.3325508,0.043109241
1502,0.045594124,305.9742292,0.062913654
1503,0.056080163,324.1469531,0.110945707
1504,0.050178723,310.4392167,0.09135435
1505,0.044938325,286.5994861,0.083873313
1506,0.024390918,159.8141132,0.045355713
1507,0.027348057,180.383089,0.043652817
1508,0.026621962,162.2903264,0.043356947
1509,0.039336342,266.3826427,0.054091616
1510,0.047514208,338.1853557,0.083822584
1511,0.057168822,433.3839234,0.102801782
1630,0.042134254,306.4398114,0.067134091
1631,0.042328849,272.7473063,0.05739147
1632,0.041378869,296.373979,0.065453627
1701,0.034643655,241.5250811,0.05442856
1702,0.041792598,297.8945838,0.067412992
1703,0.051933337,345.6485148,0.074205656
1704,0.049829329,364.0701708,0.092156447
1705,0.051567951,324.5633294,0.106254207
1706,0.053374729,312.4208671,0.090688834
1707,0.039290786,258.8580051,0.050658428
1708,0.03031099,205.2452692,0.057101746
1709,0.046629688,340.3022459,0.081349896
1710,0.067331619,396.2750406,0.136194429
1711,0.037724799,232.3680627,0.064395036
2008,0.031647195,219.5149986,0.054806004
2011,0.049159683,350.9904892,0.086842765
2016,0.046173522,287.2157255,0.087445449
2022,0.056080163,324.1469531,0.110945707
2025,0.044317154,295.4691876,0.078580697
2027,0.031647195,219.5149986,0.054806004
2029,0.044988213,286.1049469,0.077896483
2035,0.055423601,344.2569477,0.123964488
2038,0.031647195,219.5149986,0.054806004
2041,0.04954931,295.1945488,0.096873916
2043,0.031647195,219.5149986,0.054806004
2044,0.058683603,392.7960706,0.076286475
2045,0.044988213,286.1049469,0.077896483
2050,0.056080163,324.1469531,0.110945707
2051,0.049159683,350.9904892,0.086842765
2053,0.044723248,296.0356171,0.063041131
2054,0.03915474,268.1839368,0.068103647
2055,0.039608764,243.0790089,0.072129531
2061,0.031647195,219.5149986,0.054806004
2063,0.025539533,183.7753469,0.032707948
2066,0.031647195,219.5149986,0.054806004
2067,0.031647195,219.5149986,0.054806004
2068,0.042036229,274.0165519,0.07278536
2072,0.031647195,219.5149986,0.054806004
2079,0.031647195,219.5149986,0.054806004
2086,0.058683603,392.7960706,0.076286475
2087,0.031647195,219.5149986,0.054806004
2089,0.056080163,324.1469531,0.110945707
2096,0.046786423,279.138004,0.083419593
2097,0.05446304,305.0917055,0.105062778
2099,0.042845115,296.2589123,0.073414346
2102,0.046520907,298.3033502,0.083178912
2113,0.058683603,392.7960706,0.076286475
2114,0.031647195,219.5149986,0.054806004
2115,0.044988213,286.1049469,0.077896483
2117,0.04699801,281.4571943,0.086027505
2121,0.036725697,222.9710947,0.047070805
2122,0.044921395,312.0680629,0.063693402
2123,0.031647195,219.5149986,0.054806004
2124,0.058683603,392.7960706,0.076286475
2125,0.04182161,305.6481234,0.074667871
2128,0.031647195,219.5149986,0.054806004
2129,0.054177744,346.6732939,0.068737676
2130,0.055423601,344.2569477,0.123964488
2131,0.031647195,219.5149986,0.054806004
2134,0.049159683,350.9904892,0.086842765
2135,0.03839779,239.2339033,0.065060603
2137,0.031647195,219.5149986,0.054806004
2138,0.056080163,324.1469531,0.110945707
2140,0.032997921,221.2610165,0.044362256
2143,0.025539533,183.7753469,0.032707948
2145,0.056080163,324.1469531,0.110945707
2147,0.056080163,324.1469531,0.110945707
2148,0.055231521,366.2994422,0.081095652
2149,0.051463625,375.4024247,0.084632589
2152,0.051631439,310.7835937,0.097637892
2153,0.025539533,183.7753469,0.032707948
2155,0.058683603,392.7960706,0.076286475
2160,0.046520907,298.3033502,0.083178912
2162,0.046522403,280.8804122,0.087030137
2163,0.048247612,298.8821572,0.089409558
2173,0.031647195,219.5149986,0.054806004
2174,0.048971347,355.7878657,0.088904715
2175,0.052294308,321.6751947,0.109582727
2177,0.058683603,392.7960706,0.076286475
2183,0.056080163,324.1469531,0.110945707
2186,0.045149955,277.7715146,0.079287979
2194,0.050997611,337.9267043,0.066380325
2196,0.047793944,285.4767988,0.08914915
2197,0.047011575,338.153658,0.078836401
2198,0.043019368,304.1001075,0.062856926
2200,0.058683603,392.7960706,0.076286475
2206,0.047696568,287.5602938,0.086536691
2208,0.036795966,231.4727912,0.052928716
2211,0.044988213,286.1049469,0.077896483
2216,0.031647195,219.5149986,0.054806004
2217,0.031647195,219.5149986,0.054806004
2220,0.058683603,392.7960706,0.076286475
2226,0.031647195,219.5149986,0.054806004
2228,0.045889313,282.3361012,0.082948916
2230,0.031647195,219.5149986,0.054806004
2233,0.046339278,308.298629,0.066756167
2234,0.054044673,319.9979815,0.113195843
2235,0.058683603,392.7960706,0.076286475
2236,0.041000678,246.0119966,0.071280584
2237,0.050558279,310.7334215,0.097801687
2238,0.058683603,392.7960706,0.076286475
2250,0.058683603,392.7960706,0.076286475
2254,0.034499635,204.8420434,0.055893002
2257,0.049159683,350.9904892,0.086842765
2258,0.056080163,324.1469531,0.110945707
2261,0.031647195,219.5149986,0.054806004
2262,0.050472892,308.022202,0.100118937
2265,0.044819196,275.8609771,0.077129818
2266,0.031647195,219.5149986,0.054806004
2271,0.025539533,183.7753469,0.032707948
2272,0.03895214,261.2817242,0.063567569
2274,0.031647195,219.5149986,0.054806004
2275,0.03715113,234.0661555,0.054075462
2276,0.058683603,392.7960706,0.076286475
2278,0.028181241,180.7060701,0.05321051
2284,0.052897658,363.4876606,0.079402062
2292,0.031647195,219.5149986,0.054806004
2293,0.055419709,374.7222603,0.084933078
2294,0.031647195,219.5149986,0.054806004
2295,0.030277417,204.2703735,0.045778942
2296,0.058683603,392.7960706,0.076286475
2299,0.038912097,278.9813646,0.065969421
2300,0.031647195,219.5149986,0.054806004
2301,0.058683603,392.7960706,0.076286475
2303,0.065209506,379.2238289,0.133692019
2304,0.058683603,392.7960706,0.076286475
2305,0.044234302,288.2648924,0.076585205
2306,0.036918086,243.7888332,0.068301146
2307,0.058683603,392.7960706,0.076286475
2308,0.058683603,392.7960706,0.076286475
2309,0.050817871,367.0959809,0.088949912
2321,0.055423601,344.2569477,0.123964488
2323,0.058683603,392.7960706,0.076286475
2325,0.044351377,280.7682433,0.079221048
2328,0.058683603,392.7960706,0.076286475
2333,0.067040138,399.2102741,0.142774506
2335,0.031647195,219.5149986,0.054806004
2336,0.039847825,257.6197883,0.049053348
2337,0.044988213,286.1049469,0.077896483
2338,0.056080163,324.1469531,0.110945707
2401,0.038006993,251.8614252,0.051762662
2402,0.037935148,241.7982777,0.066910966
2403,0.031647195,219.5149986,0.054806004
2404,0.052166967,357.7538469,0.077481966
2405,0.031647195,219.5149986,0.054806004
2406,0.067040138,399.2102741,0.142774506
2407,0.055290542,376.6843752,0.080123216
2408,0.045937352,275.8044066,0.087440408
2421,0.031647195,219.5149986,0.054806004
2422,0.05136213,294.4445183,0.091893088
2424,0.031647195,219.5149986,0.054806004
2425,0.021866004,129.98325,0.037793032
2426,0.055272385,324.8110209,0.106840658
2427,0.046570921,315.269561,0.065258365
2428,0.04197191,290.434843,0.06283479
2430,0.031647195,219.5149986,0.054806004
2445,0.031647195,219.5149986,0.054806004
2455,0.055423601,344.2569477,0.123964488
2457,0.048126143,287.4300192,0.100056204
2461,0.056080163,324.1469531,0.110945707
2463,0.031647195,219.5149986,0.054806004
2464,0.031647195,219.5149986,0.054806004
2465,0.060309592,332.9395793,0.114494182
2471,0.030867735,206.0601577,0.045657017
2472,0.024548859,150.4151984,0.04592668
2473,0.037843342,248.2124131,0.064117942
2474,0.062559632,373.6035118,0.128789675
2475,0.031647195,219.5149986,0.054806004
2476,0.050960887,298.7338378,0.100032881
2477,0.030277417,204.2703735,0.045778942
2478,0.031647195,219.5149986,0.054806004
2479,0.055423601,344.2569477,0.123964488
2480,0.058683603,392.7960706,0.076286475
2481,0.054923293,323.266002,0.115215603
2491,0.024548859,150.4151984,0.04592668
2492,0.031647195,219.5149986,0.054806004
2493,0.044988213,286.1049469,0.077896483
2495,0.046507122,321.1310159,0.082692385
2497,0.064584208,383.3152969,0.130097596
2499,0.023452458,136.0512743,0.040465903
2500,0.033265041,220.1654445,0.05806532
2501,0.046036648,316.2652927,0.06829539
2502,0.031647195,219.5149986,0.054806004
2503,0.05446304,305.0917055,0.105062778
2511,0.056080163,324.1469531,0.110945707
2513,0.041628799,294.8543815,0.07555361
2514,0.031647195,219.5149986,0.054806004
2516,0.045722709,277.4266791,0.080600888
2517,0.025176501,152.499412,0.040220271
2518,0.031647195,219.5149986,0.054806004
2519,0.042888142,305.8375435,0.07278534
2520,0.031647195,219.5149986,0.054806004
2523,0.067040138,399.2102741,0.142774506
2524,0.031647195,219.5149986,0.054806004
2525,0.060189615,347.0312661,0.109392884
2526,0.041378446,264.162197,0.053081122
2527,0.059627397,361.8494282,0.118494467
2528,0.031647195,219.5149986,0.054806004
2529,0.054129384,321.5126664,0.113747264
2530,0.044574628,291.3040937,0.077215804
2532,0.051618892,305.308634,0.103699496
2534,0.026680693,152.2477247,0.037789718
2535,0.041141791,251.5224456,0.076398555
2541,0.031647195,219.5149986,0.054806004
2542,0.038750283,274.8399608,0.061268366
2543,0.040957591,264.9196786,0.078485436
2544,0.056080163,324.1469531,0.110945707
2545,0.061573611,445.0657038,0.104582885
2546,0.041097763,264.6048799,0.074567985
2547,0.056080163,324.1469531,0.110945707
2548,0.031647195,219.5149986,0.054806004
2549,0.031647195,219.5149986,0.054806004
2550,0.037829291,269.7358363,0.062036698
2551,0.054923293,323.266002,0.115215603
2553,0.069599627,419.6935018,0.14270842
2554,0.059110987,370.1293242,0.124470098
2555,0.041839217,252.3987026,0.070349705
2556,0.042645178,275.9115289,0.058822803
2571,0.031647195,219.5149986,0.054806004
2572,0.051312081,330.011003,0.065422926
2573,0.069599627,419.6935018,0.14270842
2574,0.058683603,392.7960706,0.076286475
2575,0.04383161,266.0638731,0.08056653
2576,0.032955132,217.4838997,0.062599676
2578,0.035420121,195.2724721,0.052225164
2579,0.052784814,378.9552715,0.084986162
2580,0.052820797,304.0288179,0.101720831
2581,0.037112512,254.2670661,0.062185955
2582,0.056080163,324.1469531,0.110945707
2583,0.032684485,210.5921463,0.043630318
2584,0.038333062,251.5963969,0.080373067
2585,0.031647195,219.5149986,0.054806004
2586,0.036134309,246.0161443,0.056842022
2601,0.031689521,199.2619817,0.04814049
2611,0.02228783,133.4676027,0.037935933
2612,0.031647195,219.5149986,0.054806004
2613,0.034930836,237.6145143,0.064961481
2614,0.056080163,324.1469531,0.110945707
2615,0.031647195,219.5149986,0.054806004
2616,0.031647195,219.5149986,0.054806004
2617,0.056080163,324.1469531,0.110945707
2618,0.064584208,383.3152969,0.130097596
2619,0.058801527,393.1790448,0.077840608
2620,0.031647195,219.5149986,0.054806004
2621,0.063318342,328.8113526,0.095227834
2622,0.06242738,369.4655426,0.125377233
2701,0.028356344,194.1627455,0.043104393
2702,0.063049062,376.5304111,0.124541604
2703,0.041001259,303.4952848,0.068142351
2761,0.050618175,315.1876897,0.08744385
2762,0.03669367,254.4364702,0.063019002
2763,0.039297142,251.9227626,0.066987719
2764,0.061272757,367.3139034,0.127320289
2765,0.038562139,257.1281404,0.066775886
2766,0.032771262,217.9483127,0.052211594
2767,0.032661722,222.5773074,0.054163599
2768,0.051755244,287.315733,0.084160354
2769,0.041591631,301.3855805,0.067398414
2770,0.036809459,228.7518893,0.06049064
2771,0.054257694,407.1740526,0.097686686
2772,0.041141791,251.5224456,0.076398555
2773,0.045330363,339.282337,0.077716434
2774,0.047599084,289.1920006,0.091345957
2775,0.054161572,326.9562902,0.100788235
2781,0.031647195,219.5149986,0.054806004
2782,0.046120905,299.4740791,0.094909802
2783,0.062346611,382.2356835,0.132745293
2784,0.063318342,328.8113526,0.095227834
2785,0.038496664,257.9234508,0.051610994
2786,0.026418873,166.5781453,0.041533728
2787,0.037054762,254.5134119,0.05962684
2788,0.018392423,125.5251707,0.025857919
2789,0.031647195,219.5149986,0.054806004
2790,0.063318342,328.8113526,0.095227834
2791,0.055529637,329.1155362,0.103953861
2792,0.047327304,295.2014433,0.088492123
2793,0.032826158,224.1806697,0.058766123
2821,0.051918064,312.3042611,0.103071818
2822,0.035842892,230.5316609,0.059286223
2823,0.037038889,256.2513843,0.054342748
2824,0.046097775,266.3507971,0.075806969
2825,0.055642602,361.4017321,0.077025947
2826,0.060221528,346.650117,0.123100892
2827,0.031647195,219.5149986,0.054806004
2828,0.037498473,260.5014779,0.063880701
2829,0.034003153,213.0011239,0.054010293
2830,0.067040138,399.2102741,0.142774506
2831,0.035306612,221.1438238,0.055133486
2832,0.048348769,310.1697488,0.106882198
2833,0.027187944,175.0078138,0.048829077
2834,0.041498019,247.7102895,0.074180149
2841,0.072236935,438.6135678,0.149278893
2842,0.041141791,251.5224456,0.076398555
2843,0.072236935,438.6135678,0.149278893
2844,0.054923293,323.266002,0.115215603
2845,0.028181241,180.7060701,0.05321051
2846,0.045405445,304.6853119,0.080979223
2847,0.031647195,219.5149986,0.054806004
2848,0.062346611,382.2356835,0.132745293
2849,0.030046294,194.6588585,0.052244382
2850,0.062346611,382.2356835,0.132745293
2851,0.049085884,326.3081315,0.062955894
2852,0.064234937,371.9541941,0.126750224
2853,0.054598913,301.8973873,0.104536861
2854,0.031647195,219.5149986,0.054806004
2855,0.031647195,219.5149986,0.054806004
2856,0.041777318,274.2171355,0.082262318
2857,0.041141791,251.5224456,0.076398555
2858,0.041141791,251.5224456,0.076398555
2859,0.043980958,299.7826516,0.087851147
2860,0.031647195,219.5149986,0.054806004
2861,0.041920202,294.2513057,0.067348549
2862,0.037270821,254.3184842,0.076259303
2863,0.030410409,195.958483,0.057379366
2864,0.031647195,219.5149986,0.054806004
2865,0.058509975,364.0103713,0.108661692
2866,0.061806316,377.3911372,0.126227185
2867,0.066949825,396.1029857,0.134549288
2868,0.028181241,180.7060701,0.05321051
2869,0.068949183,419.1304469,0.136074638
2881,0.044592813,288.9052499,0.085982291
2882,0.031647195,219.5149986,0.054806004
2883,0.067631765,403.4253789,0.137064511
2884,0.052773904,313.2092064,0.100569411
2885,0.063318342,328.8113526,0.095227834
2886,0.041122876,253.1686652,0.080243554
2887,0.031647195,219.5149986,0.054806004
2888,0.02590964,178.844416,0.028792552
2889,0.031647195,219.5149986,0.054806004
2890,0.056080163,324.1469531,0.110945707
2891,0.032722288,223.6748447,0.065037824
2892,0.046879783,337.5911375,0.083578324
2893,0.047479295,349.0380487,0.080550749
2894,0.031628314,219.0669599,0.055676808
2895,0.056080163,324.1469531,0.110945707
2901,0.067631765,403.4253789,0.137064511
2903,0.054074679,310.9671686,0.109352928
2904,0.049085884,326.3081315,0.062955894
2914,0.031647195,219.5149986,0.054806004
2915,0.072236935,438.6135678,0.149278893
2917,0.072236935,438.6135678,0.149278893
2919,0.05685811,330.1943672,0.118087843
2920,0.037079191,254.0758601,0.05659351
2931,0.031647195,219.5149986,0.054806004
2932,0.038281594,260.1525609,0.057648573
2933,0.064584208,383.3152969,0.130097596
2936,0.062346611,382.2356835,0.132745293
2937,0.034523799,235.4130981,0.050941239
2938,0.072236935,438.6135678,0.149278893
2939,0.034899451,242.4061995,0.05081641
2951,0.031647195,219.5149986,0.054806004
2952,0.048878195,326.7873847,0.08491188
2953,0.023334225,157.7752289,0.037052655
2961,0.058683603,392.7960706,0.076286475
2962,0.047019999,297.9211305,0.05855342
2963,0.037111578,247.7874254,0.051103592
2964,0.046252073,290.3358495,0.057282238
2971,0.053129173,344.524431,0.091585008
2972,0.031647195,219.5149986,0.054806004
2973,0.053635929,316.2361172,0.098752657
2974,0.061626947,352.2706869,0.123721178
3001,0.047632792,303.8543427,0.064188161
3002,0.051668535,336.7008072,0.065212464
3003,0.056080163,324.1469531,0.110945707
3004,0.054867631,312.4644024,0.107241995
3005,0.05126478,350.9508689,0.072854623
3006,0.046811988,329.4808762,0.074837499
3007,0.040988549,254.8492656,0.049407759
3021,0.056080163,324.1469531,0.110945707
3022,0.056472436,330.7213087,0.105622656
3023,0.04346735,279.1969935,0.055389282
3024,0.041716494,266.6797621,0.074745441
3025,0.051738526,302.7625507,0.094663828
3031,0.047251428,336.1287337,0.085774405
3032,0.031330226,219.9142022,0.047952857
3033,0.032856332,178.6962328,0.05466909
3034,0.056080163,324.1469531,0.110945707
3035,0.055969583,372.4627192,0.072223058
3036,0.044988213,286.1049469,0.077896483
3037,0.052171468,374.7317556,0.08677926
3038,0.056080163,324.1469531,0.110945707
3101,0.036665616,240.0719026,0.047575217
3102,0.045266456,328.370443,0.075170606
3104,0.058801527,393.1790448,0.077840608
3111,0.031647195,219.5149986,0.054806004
3112,0.046050997,285.1989853,0.081331335
3201,0.043914326,276.0254609,0.059842062
3202,0.04770678,334.6045256,0.08948095
3203,0.029761804,188.8226344,0.045417064
3204,0.051587772,382.0166689,0.089393228
3211,0.044988213,286.1049469,0.077896483
3212,0.029615867,170.9851765,0.050328368
3213,0.050938483,378.8767855,0.084127682
3214,0.040586471,255.3025302,0.081036889
3215,0.03887816,283.8016946,0.066218585
3216,0.044969075,279.135085,0.0855292
3217,0.048247612,298.8821572,0.089409558
3218,0.046296909,298.0680699,0.095354983
3219,0.047570824,281.5227364,0.085895507
3231,0.038382987,259.6814582,0.052341926
3232,0.028196114,190.0725456,0.043855998
3233,0.039792825,257.045417,0.0505729
3234,0.040096022,258.4682708,0.070758703
3235,0.03799213,248.9173165,0.049209692
3236,0.032692015,223.1510218,0.049783575
3237,0.033031704,221.0984977,0.051914387
3238,0.028493163,191.9406653,0.042864113
3251,0.034558769,242.0925359,0.053423677
3252,0.033772645,200.2589799,0.055106236
3253,0.03853065,267.8707001,0.064683451
3254,0.043125431,321.7578242,0.073073424
3255,0.038369584,251.8236701,0.06024192
3256,0.049443527,340.4678628,0.070337195
3271,0.036438537,255.9668186,0.064890448
3272,0.049619562,362.574613,0.08683766
3273,0.039265509,266.9014943,0.068108884
3274,0.044395868,317.3550463,0.06818943
3275,0.038655688,268.356152,0.060779486
3276,0.045616182,337.386856,0.080977882
3291,0.041590237,301.9820001,0.070342521
3292,0.046411533,286.835078,0.061936866
3293,0.043186514,312.9003361,0.071152609
3294,0.035149352,239.2034446,0.057456721
3295,0.0515404,316.4326712,0.101025683
3296,0.035912233,257.588461,0.060488004
3297,0.053835997,308.9899448,0.097408328
3298,0.047218954,324.6656904,0.071004112
3311,0.033722477,197.3911429,0.057551685
3312,0.051036543,346.0103497,0.076106446
3313,0.027938096,163.5839801,0.04120549
3315,0.039797486,268.3754647,0.067398303
3316,0.049587421,356.40158,0.084596308
3338,0.026629078,179.0769043,0.039042594
3339,0.04108863,268.6654181,0.056705578
3340,0.041721768,304.2128348,0.072694201
3341,0.059079675,342.8471415,0.110242704
3342,0.041657341,294.310832,0.075007726
3352,0.036450281,228.4031732,0.046288682
3359,0.047220196,298.4810445,0.084142342
3360,0.044164471,309.4708076,0.068471125
3374,0.028967205,184.4229605,0.045880102
3379,0.036966771,263.7822866,0.061000977
3392,0.039704292,265.0587373,0.053106509
3393,0.030944864,185.0450425,0.050089284
3394,0.044117205,286.1212212,0.076989761
3395,0.036260187,250.2338604,0.054949854
3396,0.038116749,249.0488756,0.065317165
3401,0.04328779,282.5560125,0.059788065
3402,0.033041744,208.3108362,0.054470099
3405,0.045510911,303.047415,0.064869323
3407,0.040010528,267.9289602,0.058514458
3408,0.039609823,271.2242771,0.067618605
3422,0.028433093,177.2417141,0.041768613
3423,0.051203222,326.3295056,0.071886302
3424,0.049333218,357.1369336,0.08451848
3426,0.049660456,357.0134276,0.083574265
3427,0.039392425,282.2528361,0.061621099
3441,0.064584208,383.3152969,0.130097596
3442,0.047332116,298.7704692,0.093634798
3443,0.04682909,341.3295208,0.079258604
3444,0.05034011,302.2119834,0.10166563
3506,0.056080163,324.1469531,0.110945707
3513,0.026187263,152.6033158,0.042649235
3514,0.052174751,318.112557,0.103414723
3542,0.053112436,301.7360031,0.098561417
3543,0.029246835,172.4134041,0.046529365
3544,0.024383096,152.2667266,0.042041695
3551,0.041839217,252.3987026,0.070349705
3561,0.039479155,272.2232694,0.054638465
3572,0.047877115,295.9111663,0.057766437
3575,0.04686754,349.2195004,0.079458858
3581,0.031647195,219.5149986,0.054806004
3582,0.046643646,300.3133428,0.089412941
3603,0.044988213,286.1049469,0.077896483
3618,0.050716112,295.8085845,0.090871739
3619,0.044746539,272.7445705,0.076883034
3633,0.058683603,392.7960706,0.076286475
3637,0.056080163,324.1469531,0.110945707
3638,0.042971794,284.1111369,0.084055708
3640,0.02228783,133.4676027,0.037935933
3661,0.033871132,239.6223407,0.051169562
3662,0.024966249,162.5605916,0.048390771
3663,0.04818557,307.0511513,0.058729982
3668,0.033307891,225.4908503,0.053009001
3669,0.028181241,180.7060701,0.05321051
3670,0.031647195,219.5149986,0.054806004
3672,0.056080163,324.1469531,0.110945707
3673,0.041206179,252.6868203,0.075903115
3681,0.056080163,324.1469531,0.110945707
3695,0.049903917,327.8754659,0.088381516
3701,0.035420121,195.2724721,0.052225164
3711,0.035420121,195.2724721,0.052225164
3712,0.031927039,198.515082,0.06445201
3713,0.031647195,219.5149986,0.054806004
3714,0.020772837,130.7131845,0.03029076
3715,0.031647195,219.5149986,0.054806004
3721,0.056080163,324.1469531,0.110945707
3722,0.050238277,318.2331616,0.103208193
3723,0.049164493,294.8234426,0.092300165
3731,0.067040138,399.2102741,0.142774506
3732,0.046134766,279.4238164,0.085005393
3733,0.054923293,323.266002,0.115215603
3734,0.041351894,268.6746279,0.070732415
3746,0.038232486,252.2659971,0.050130625
3752,0.033970201,218.8923033,0.0433942
3762,0.047595859,300.8429636,0.064988801
3764,0.041625774,258.908658,0.049973925
3781,0.03155181,204.1846211,0.061495829
3782,0.044988213,286.1049469,0.077896483
3783,0.031647195,219.5149986,0.054806004
3784,0.049466386,309.5795815,0.061177921
3785,0.031647195,219.5149986,0.054806004
3786,0.032681981,210.6840027,0.056281434
3787,0.039118294,262.3389247,0.054994382
3788,0.041532083,286.0322114,0.062057106
3789,0.042050497,258.5925324,0.074360989
3790,0.044061956,293.2501739,0.056253259
3791,0.022429619,130.4054901,0.038751683
3792,0.033163869,220.7521186,0.058345076
3804,0.031647195,219.5149986,0.054806004
3805,0.036844169,227.5022488,0.074177819
3808,0.031647195,219.5149986,0.054806004
3810,0.02228783,133.4676027,0.037935933
3821,0.031647195,219.5149986,0.054806004
3822,0.038948805,245.9994294,0.071935792
3823,0.056080163,324.1469531,0.110945707
3831,0.056080163,324.1469531,0.110945707
3832,0.04272933,291.4519133,0.059890751
3834,0.027785982,176.6368,0.041801298
3835,0.049159683,350.9904892,0.086842765
3837,0.030277417,204.2703735,0.045778942
3847,0.046173197,330.5127864,0.071891318
3851,0.036117548,255.5971752,0.057923498
3861,0.031647195,219.5149986,0.054806004
3862,0.039453717,241.6863881,0.061430711
3863,0.021775148,150.3366135,0.036844851
3871,0.051434768,293.3141523,0.088557784
3881,0.056080163,324.1469531,0.110945707
3882,0.03955622,242.4190343,0.071443478
3891,0.033954298,226.7608037,0.050665459
3901,0.037628359,265.2157246,0.057142478
3911,0.039855074,271.3947658,0.070574385
3921,0.031337158,204.5181585,0.042619873
3932,0.047251428,336.1287337,0.085774405
3945,0.041476538,261.8658052,0.071476257
3946,0.049539832,314.4143348,0.061121027
3947,0.063784815,387.8846145,0.12788508
3951,0.054923293,323.266002,0.115215603
3952,0.054495739,330.3237981,0.100066906
3953,0.050796343,373.3144465,0.092018483
3954,0.039714982,265.2118992,0.068995364
3955,0.03129653,204.5906595,0.047407866
3961,0.034823806,231.3018977,0.047525075
3962,0.041879677,296.8944762,0.068603448
3972,0.056080163,324.1469531,0.110945707
3981,0.055290577,319.7078027,0.104205421
3982,0.050238427,335.3030356,0.068161829
3983,0.047283156,281.8517948,0.087824515
3985,0.056080163,324.1469531,0.110945707
3986,0.02040381,132.523453,0.030528211
3987,0.027155339,166.1651006,0.041827048
3988,0.044608357,292.9169616,0.059438417
4001,0.029704168,195.387044,0.051444569
4002,0.046921061,281.2585678,0.083321384
4003,0.034885484,240.7321242,0.054879475
4004,0.036820762,230.1887645,0.057820164
4005,0.043591412,299.6375642,0.0649928
4006,0.031603284,197.6637687,0.048813285
4007,0.027658816,166.3300136,0.041189623
4008,0.025995068,177.8525071,0.040833439
4009,0.02686714,168.8197342,0.044329437
4010,0.0347967,235.9124275,0.060103221
4012,0.027789028,177.3005052,0.0451876
4013,0.024979735,169.2522107,0.039907116
4021,0.042391584,280.7258366,0.058566381
4022,0.056080163,324.1469531,0.110945707
4023,0.027410142,167.446282,0.048245752
4024,0.04107315,255.9351711,0.061683248
4026,0.041213826,262.4959083,0.085075297
4027,0.02088466,135.7225236,0.035197307
4028,0.056080163,324.1469531,0.110945707
4029,0.020206547,132.3993341,0.034355715
4030,0.021419274,136.8689023,0.036468232
4031,0.029560936,196.1951963,0.048835816
4032,0.021924953,143.4516254,0.036203889
4033,0.022614236,147.9725707,0.038991189
4034,0.033375829,215.4201772,0.054647326
4035,0.029615204,173.9421226,0.046489966
4037,0.072236935,438.6135678,0.149278893
4038,0.034530843,231.7752258,0.066311546
4039,0.028845729,192.5563785,0.053121929
4040,0.045242185,291.2889056,0.060629257
4041,0.025379438,162.269997,0.041778994
4044,0.038083992,251.6198275,0.070037251
4045,0.032504221,214.5378837,0.056244471
4046,0.041425403,251.8842418,0.047748768
4047,0.041223295,276.7700223,0.059624514
4048,0.033086739,229.9884251,0.065239092
4049,0.03302519,206.9139307,0.053364808
4061,0.032151795,199.0300551,0.050489372
4062,0.049164493,294.8234426,0.092300165
4063,0.027605767,181.7643544,0.045446567
4064,0.038412714,259.8609977,0.081188144
4065,0.024575341,151.3871727,0.037106822
4066,0.030991099,187.3075246,0.048902785
4067,0.040680355,247.9312219,0.081199286
4068,0.022168855,118.8570934,0.029951838
4071,0.047969964,312.1574168,0.096546603
4072,0.024908523,163.4725518,0.03995129
4073,0.026668951,158.7997041,0.046356816
4074,0.048126143,287.4300192,0.100056204
4075,0.028631763,191.8550196,0.044548106
4076,0.041247698,263.9354076,0.075731607
4077,0.032961342,202.55365,0.05307555
4078,0.031647195,219.5149986,0.054806004
4079,0.056080163,324.1469531,0.110945707
4080,0.022956408,155.5887644,0.037458252
4081,0.047111345,295.8339558,0.091475181
4082,0.029346276,193.3242948,0.045156195
4083,0.036083436,220.2464299,0.05730938
4084,0.056080163,324.1469531,0.110945707
4091,0.026497428,159.2870161,0.037115127
4092,0.022782626,143.1092704,0.036051079
4093,0.035466739,207.6247314,0.051204223
4095,0.030764175,210.7353759,0.048320891
4099,0.031647195,219.5149986,0.054806004
4100,0.056080163,324.1469531,0.110945707
4104,0.024987626,156.7098044,0.040936893
4105,0.056080163,324.1469531,0.110945707
4106,0.054923293,323.266002,0.115215603
4107,0.031647195,219.5149986,0.054806004
4110,0.027765173,189.7764965,0.042282335
4111,0.056080163,324.1469531,0.110945707
4112,0.056080163,324.1469531,0.110945707
4117,0.037117263,224.6674961,0.059065339
4120,0.024585706,157.175468,0.04414886
4121,0.025806187,171.0648934,0.043333788
4122,0.056080163,324.1469531,0.110945707
4123,0.029280868,182.9401052,0.049513419
4124,0.056080163,324.1469531,0.110945707
4125,0.029378139,195.4746674,0.044233163
4131,0.032186857,189.905031,0.04639903
4132,0.028181241,180.7060701,0.05321051
4134,0.024300587,158.2804207,0.034818971
4135,0.025316485,170.1130276,0.044542942
4136,0.056080163,324.1469531,0.110945707
4137,0.034899268,224.1240822,0.051035336
4138,0.031647195,219.5149986,0.054806004
4139,0.020189393,119.2776144,0.030003087
4140,0.026678309,157.3324212,0.039392739
4141,0.034433347,236.6572141,0.049638769
4142,0.033231213,218.1788536,0.066522801
4143,0.035420121,195.2724721,0.052225164
4144,0.020515305,137.8098718,0.034847716
4145,0.021795341,123.8568305,0.03076089
4146,0.02784108,175.2878009,0.048438316
4147,0.02779305,180.6318477,0.041352213
4161,0.032180088,208.9215628,0.050121789
4163,0.021608452,147.5827872,0.035076941
4164,0.048907998,289.7018448,0.091924073
4165,0.041894811,258.2487181,0.085232515
4169,0.032054595,201.3586608,0.049600192
4170,0.025018995,152.0912474,0.036257514
4172,0.033595623,214.2193188,0.052530781
4173,0.056080163,324.1469531,0.110945707
4175,0.03155181,204.1846211,0.061495829
4176,0.0219783,146.6497998,0.036979485
4177,0.043821625,257.5073645,0.081709166
4181,0.041839217,252.3987026,0.070349705
4182,0.032151795,199.0300551,0.050489372
4183,0.056080163,324.1469531,0.110945707
4184,0.037799436,255.8128983,0.070282832
4185,0.037391695,241.0907766,0.069578423
4186,0.060189615,347.0312661,0.109392884
4191,0.040845016,230.9896652,0.062615792
4192,0.056080163,324.1469531,0.110945707
4193,0.044184609,287.7006849,0.089404892
4194,0.031188069,190.5703219,0.049507973
4195,0.02570141,162.6840398,0.042900863
4196,0.026741024,173.177697,0.040371307
4197,0.042973842,277.2752421,0.055696008
4198,0.04170324,271.6593613,0.0710523
4199,0.021444379,135.518095,0.037126145
4200,0.04696254,304.3560655,0.064363049
4201,0.035564903,242.6391061,0.056335635
4202,0.044962303,285.6555874,0.08529246
4203,0.019523681,122.5041825,0.031458374
4204,0.020975731,136.2896823,0.033088444
4205,0.029319904,177.7452482,0.045332267
4206,0.023869928,166.6709122,0.037797703
4207,0.029658344,204.2302714,0.055665899
4208,0.041125938,267.8429043,0.081741089
4209,0.025420668,164.0603002,0.041190716
4210,0.040845016,230.9896652,0.062615792
4221,0.067040138,399.2102741,0.142774506
4222,0.031647195,219.5149986,0.054806004
4223,0.026774542,156.1388374,0.042433988
4224,0.02752642,172.7270426,0.046750889
4226,0.037211768,247.0394901,0.060509646
4227,0.056080163,324.1469531,0.110945707
4228,0.024784586,144.9379526,0.035194242
4229,0.031647195,219.5149986,0.054806004
4230,0.031647195,219.5149986,0.054806004
4231,0.056080163,324.1469531,0.110945707
4232,0.056080163,324.1469531,0.110945707
4233,0.072236935,438.6135678,0.149278893
4234,0.03166534,191.5787383,0.049423483
4235,0.056080163,324.1469531,0.110945707
4236,0.032235444,215.8734719,0.052167002
4237,0.032471221,192.5582909,0.047673877
4238,0.056080163,324.1469531,0.110945707
4239,0.044200514,321.9866036,0.072082025
4240,0.029296063,192.976568,0.047129181
4251,0.038097691,256.6948653,0.078321676
4252,0.02557963,163.4688025,0.040085435
4253,0.035466739,207.6247314,0.051204223
4254,0.028772878,193.7162879,0.044570837
4255,0.056080163,324.1469531,0.110945707
4256,0.037117263,224.6674961,0.059065339
4257,0.056080163,324.1469531,0.110945707
4258,0.026791908,165.0192827,0.040452034
4259,0.028944867,167.2463784,0.042175081
4260,0.030717357,191.4382525,0.049340968
4261,0.028075474,176.0660055,0.043393749
4262,0.028181241,180.7060701,0.05321051
4263,0.036713535,228.8430053,0.05729639
4264,0.043821625,257.5073645,0.081709166
4271,0.020430601,134.1939387,0.033644372
4273,0.035466739,207.6247314,0.051204223
4274,0.033379017,205.9402122,0.057178573
4275,0.058801527,393.1790448,0.077840608
4276,0.024047053,152.8815451,0.038017899
4277,0.023446783,146.9475436,0.039375282
4279,0.029362042,192.0766386,0.043177808
4280,0.026455677,164.7809667,0.044263288
4281,0.025213186,156.3514897,0.041281233
4282,0.020577656,131.2691521,0.033907103
4283,0.025977817,155.7159961,0.038787287
4284,0.031647195,219.5149986,0.054806004
4285,0.028451108,193.165713,0.046577005
4286,0.022475823,149.5360519,0.037255187
4287,0.047098362,298.6867783,0.086942752
4288,0.056080163,324.1469531,0.110945707
4289,0.022086589,151.5377101,0.034362478
4303,0.029218163,190.529819,0.044665415
4304,0.020606892,128.7212903,0.032244979
4305,0.045450116,277.2520923,0.091782128
4306,0.039733094,274.0682465,0.076268522
4307,0.03029098,174.2763594,0.045056312
4309,0.029518458,196.9882481,0.048205206
4310,0.024986763,129.9209922,0.033362722
4311,0.026714985,163.2262609,0.043136997
4312,0.027453132,160.6034548,0.044012403
4313,0.03055668,188.3078304,0.048037861
4314,0.029172376,195.1370026,0.04558815
4318,0.031437495,175.9134266,0.045401296
4319,0.037964547,228.0816637,0.061187934
4320,0.027313722,172.1679273,0.045435413
4324,0.026254096,160.9702518,0.039311675
4401,0.039120513,273.2375504,0.059532543
4406,0.054383657,328.8991737,0.117375432
4411,0.044783415,327.5773398,0.074255922
4416,0.058683603,392.7960706,0.076286475
4421,0.04223449,280.9604948,0.054525143
4426,0.040845016,230.9896652,0.062615792
4431,0.029845475,196.7110508,0.055335158
4436,0.039227516,288.4693447,0.065970847
4441,0.04061082,277.7134731,0.069473239
4446,0.069599627,419.6935018,0.14270842
4451,0.035189922,247.6246689,0.060052087
4461,0.04041755,290.413414,0.063415946
4471,0.039087675,269.7916689,0.064219291
4476,0.035346121,247.9071167,0.059929862
4486,0.052287998,344.0148961,0.075465435
4495,0.038942482,259.7489634,0.051390331
4501,0.055115176,372.4811238,0.079106718
4506,0.038068362,277.3170805,0.064821742
4511,0.036386247,238.9418177,0.056499913
4536,0.048930556,305.0663114,0.091285732
4545,0.039999823,259.6617999,0.052938985
4546,0.034494172,206.5883738,0.053764957
4551,0.040673413,296.721852,0.072681313
4561,0.045454361,306.9679816,0.06271731
4566,0.034908985,237.526109,0.05349827
4571,0.049973393,374.9794499,0.087988527
4590,0.054495739,330.3237981,0.100066906
4591,0.052433173,314.5239578,0.105212002
4601,0.065744889,389.3540381,0.121975817
4606,0.053614133,323.056974,0.103789792
4611,0.051701978,337.6832243,0.106726551
4616,0.043914755,271.4474824,0.082957633
4621,0.067040138,399.2102741,0.142774506
4641,0.059361912,443.4571771,0.098796664
4643,0.034652334,224.0736868,0.062179448
4646,0.034604094,233.9553236,0.048917471
4651,0.031647195,219.5149986,0.054806004
4656,0.02646652,161.9024068,0.046213414
4666,0.053365069,321.7515409,0.093923805
4671,0.037851321,270.1237556,0.059347463
4681,0.039787205,260.2525287,0.066549916
4683,0.052294327,317.0095464,0.099677612
4691,0.038951648,282.0690382,0.06301597
4696,0.040511589,283.4551035,0.059608743
4701,0.037821064,237.8657852,0.045794845
4711,0.035042964,231.564716,0.06171728
4716,0.036311764,240.2778083,0.066317275
4721,0.05127029,314.6552171,0.097658796
4723,0.059303537,344.6727146,0.120482376
4724,0.045494925,324.9572296,0.081391293
4726,0.051414026,372.7140766,0.086102607
4741,0.033268148,219.9252072,0.06166574
4746,0.038554868,265.0921245,0.060669344
4751,0.041623697,282.1367115,0.063617874
4756,0.040009733,269.1554419,0.055567599
4761,0.036545922,259.1265359,0.062499188
4776,0.032273739,218.4102252,0.055108004
4781,0.033708974,216.777495,0.050926049
4786,0.043058413,282.2670129,0.086624833
4791,0.061685361,355.9113084,0.110163382
4801,0.021844877,144.7587655,0.027168202
4806,0.041461646,295.7838627,0.063804563
4811,0.052758907,304.2133373,0.098827635
4816,0.025928706,164.0134944,0.040626822
4821,0.047358057,346.8249912,0.078428798
4826,0.038133903,251.499364,0.067091132
4831,0.041742299,301.0157408,0.069424121
4841,0.030059817,194.9193758,0.050626301
4846,0.056080163,324.1469531,0.110945707
4851,0.055132668,315.4441126,0.097752865
4864,0.037918055,270.7097681,0.060281049
4871,0.046709256,317.8543672,0.064505302
4881,0.04216916,249.6902342,0.078816558
4891,0.053114698,394.6998927,0.084999988
4901,0.044988213,286.1049469,0.077896483
4911,0.043823585,297.3491321,0.064108917
4921,0.051753777,302.6495951,0.102116664
4941,0.042234125,263.8873197,0.076838251
4946,0.030414607,206.7597661,0.04571064
4951,0.050459218,378.1546776,0.087064066
5001,0.035056214,246.0773531,0.055500739
5002,0.03829752,272.0593007,0.05989158
5003,0.043761327,292.3597776,0.062248655
5009,0.028471065,170.2618293,0.048593592
5010,0.052713219,347.5664654,0.074006409
5017,0.051202175,345.9094985,0.068814802
5048,0.043527032,268.9020706,0.073923647
5049,0.042094058,270.5812822,0.058728209
5050,0.046996673,300.7527033,0.066635
5061,0.041605006,258.0592528,0.072914782
5063,0.030715849,208.6212069,0.05588256
5064,0.060645444,348.9908203,0.111837535
5071,0.065744889,389.3540381,0.121975817
5072,0.038027569,259.5975285,0.055291779
5073,0.053647575,334.7511805,0.103222854
5076,0.056080163,324.1469531,0.110945707
5077,0.037029604,234.717499,0.049640525
5078,0.03031447,211.9764274,0.051473634
5079,0.025077958,167.0767829,0.040743087
5091,0.033302267,230.6356138,0.049148818
5096,0.044988213,286.1049469,0.077896483
5097,0.037923262,254.8364996,0.050718218
5108,0.04796501,355.3758431,0.082049962
5112,0.045182982,298.2925724,0.059471164
5113,0.037662904,245.7883741,0.063801965
5115,0.043365056,321.7016834,0.069792618
5117,0.031647195,219.5149986,0.054806004
5118,0.02404141,153.906847,0.034797257
5120,0.027250641,191.6198771,0.047741447
5121,0.041834141,281.1597839,0.070365154
5125,0.040249008,264.9539565,0.061515377
5131,0.041001215,304.2159339,0.072273167
5136,0.049159683,350.9904892,0.086842765
5138,0.044371893,310.6203893,0.071396166
5141,0.031576412,209.6252513,0.051748801
5143,0.031647195,219.5149986,0.054806004
5144,0.030741603,205.3788107,0.055145689
5146,0.058683603,392.7960706,0.076286475
5148,0.04127273,275.4321561,0.055115837
5149,0.057979579,352.4341069,0.113650952
5151,0.046440212,312.3158942,0.061375629
5154,0.046921061,281.2585678,0.083321384
5160,0.04542083,289.6054451,0.060429142
5161,0.056080163,324.1469531,0.110945707
5162,0.032586603,218.3877555,0.043123353
5167,0.06064047,350.9924839,0.105901232
5171,0.030739082,206.9370943,0.049271991
5176,0.039843635,251.0941523,0.074149195
5180,0.050307001,335.1855508,0.0673531
5181,0.045722709,277.4266791,0.080600888
5186,0.051044647,339.872053,0.065625128
5187,0.051887933,328.1937718,0.092239781
5189,0.040813281,244.4135359,0.049101263
5192,0.037400032,264.4082965,0.056212272
5193,0.046273256,293.9168932,0.065373015
5194,0.04793634,326.8433667,0.06601598
5196,0.041908528,286.4894552,0.05999595
5198,0.045509166,283.9207178,0.086495816
5199,0.039269419,258.5501233,0.051344132
5200,0.051601486,339.4203247,0.068020202
5203,0.037440864,223.3810028,0.066930009
5205,0.05085012,344.5736566,0.071109218
5206,0.057073724,423.4722247,0.098206871
5207,0.046157742,302.4217933,0.08031586
5208,0.043537283,269.0255781,0.080165789
5210,0.024332234,145.8691775,0.036145253
5212,0.026246019,158.888444,0.040655249
5214,0.038806722,243.2158913,0.069645078
5216,0.035420121,195.2724721,0.052225164
5221,0.058188128,438.003931,0.097438831
5225,0.035565705,245.8229426,0.061517524
5226,0.045104726,320.4085986,0.077692596
5227,0.054853867,323.6045938,0.07012453
5230,0.050828237,354.714719,0.070847973
5231,0.046433368,302.2027186,0.059526167
5233,0.031647195,219.5149986,0.054806004
5236,0.047117598,354.0097675,0.086515019
5237,0.031647195,219.5149986,0.054806004
5238,0.04346779,293.7050468,0.059074362
5239,0.042207758,270.1359375,0.055858098
5240,0.041776699,272.3204333,0.056603202
5242,0.041396466,270.0954283,0.052748927
5249,0.038769382,258.3976491,0.052319347
5250,0.031149456,203.4929677,0.047039339
5251,0.041941282,310.9826838,0.075343431
5254,0.040669815,261.0924267,0.05493851
5257,0.046982898,339.5705343,0.072151929
5260,0.053776104,344.8708005,0.09727156
5263,0.054633863,375.7498619,0.08319176
5266,0.042201706,305.6630251,0.07359624
5268,0.055251824,336.1862379,0.073821558
5269,0.049367295,317.1501584,0.061427508
5281,0.039258126,253.4453712,0.053064364
5287,0.038609231,253.8755606,0.066179294
5304,0.039990047,265.3504068,0.05391285
5307,0.031647195,219.5149986,0.054806004
5309,0.031647195,219.5149986,0.054806004
5310,0.036947796,248.3900261,0.049921527
5315,0.031647195,219.5149986,0.054806004
5317,0.0553812,405.1525356,0.089955825
5323,0.05446304,305.0917055,0.105062778
5324,0.040037792,271.6763906,0.066048897
5391,0.031647195,219.5149986,0.054806004
5396,0.035969011,241.4060559,0.060185661
5397,0.044988213,286.1049469,0.077896483
5398,0.055837873,343.8907292,0.074885742
5399,0.036793287,248.382663,0.05016464
5401,0.040375892,268.0971817,0.053917567
5402,0.038967183,253.2429025,0.049241621
5403,0.031647195,219.5149986,0.054806004
5404,0.054177744,346.6732939,0.068737676
5405,0.044220452,285.9242739,0.055125006
5406,0.041396772,264.0703677,0.051816801
5407,0.040082956,266.2342031,0.051736752
5408,0.049085884,326.3081315,0.062955894
5409,0.043172882,287.5225778,0.059392278
5410,0.045802482,311.7467013,0.067350988
5411,0.043315202,277.9814284,0.0524298
5412,0.046538333,292.7034276,0.055805381
5413,0.039623341,258.0145364,0.050444656
5414,0.053552898,335.540834,0.072140238
5415,0.04993595,333.718422,0.064449577
5422,0.042359636,271.7300035,0.058221981
5423,0.031647195,219.5149986,0.054806004
5424,0.058683603,392.7960706,0.076286475
5425,0.031864978,201.4042966,0.042338102
5426,0.043380311,295.7644135,0.057918027
5427,0.03572826,238.9833627,0.077029692
5428,0.042960846,285.4448377,0.057660432
5429,0.031647195,219.5149986,0.054806004
5430,0.04883075,354.4534909,0.085380444
5431,0.031647195,219.5149986,0.054806004
5434,0.063318342,328.8113526,0.095227834
5435,0.055969583,372.4627192,0.072223058
5436,0.063318342,328.8113526,0.095227834
5437,0.031647195,219.5149986,0.054806004
5451,0.045762607,304.3821976,0.06198218
5456,0.044197184,295.1052241,0.063958048
5458,0.047601227,317.2525047,0.061629724
5464,0.034752525,218.8111167,0.041878807
5471,0.067040138,399.2102741,0.142774506
5472,0.031647195,219.5149986,0.054806004
5473,0.067040138,399.2102741,0.142774506
5474,0.055969583,372.4627192,0.072223058
5475,0.031647195,219.5149986,0.054806004
5476,0.031647195,219.5149986,0.054806004
5477,0.055383124,362.5600305,0.079117422
5479,0.049372538,312.9497824,0.061746798
5480,0.041208492,243.5834406,0.046605548
5481,0.031647195,219.5149986,0.054806004
5482,0.028471065,170.2618293,0.048593592
5483,0.063318342,328.8113526,0.095227834
5484,0.052336622,376.6799029,0.082336956
5485,0.031647195,219.5149986,0.054806004
5486,0.058683603,392.7960706,0.076286475
5487,0.031647195,219.5149986,0.054806004
5488,0.031647195,219.5149986,0.054806004
5489,0.063318342,328.8113526,0.095227834
5490,0.062346611,382.2356835,0.132745293
5491,0.050828237,354.714719,0.070847973
5492,0.048126143,287.4300192,0.100056204
5493,0.048095652,306.3572084,0.059563994
5495,0.038754372,264.1728288,0.055834992
5496,0.028717351,196.6421803,0.043631642
5497,0.037026001,233.2623464,0.043465374
5498,0.050474279,370.8690087,0.080472355
5499,0.049148895,306.405962,0.060978144
5501,0.031647195,219.5149986,0.054806004
5503,0.036844169,227.5022488,0.074177819
5511,0.040229564,262.7612712,0.051634806
5512,0.045556105,332.8041118,0.079190712
5514,0.054923293,323.266002,0.115215603
5515,0.056080163,324.1469531,0.110945707
5516,0.055951891,424.2453376,0.096825243
5518,0.05046156,362.2309662,0.080982458
5520,0.055305552,405.3307358,0.097507125
5521,0.045847385,306.6186173,0.063528962
5522,0.036844169,227.5022488,0.074177819
5523,0.05390376,325.399215,0.104984735
5527,0.072236935,438.6135678,0.149278893
5529,0.036844169,227.5022488,0.074177819
5530,0.039453717,241.6863881,0.061430711
5531,0.031647195,219.5149986,0.054806004
5533,0.043031814,291.1790311,0.057974072
5534,0.031647195,219.5149986,0.054806004
5535,0.02590964,178.844416,0.028792552
5537,0.044192935,292.2655654,0.062876156
5539,0.031647195,219.5149986,0.054806004
5540,0.031647195,219.5149986,0.054806004
5541,0.054923293,323.266002,0.115215603
5551,0.031647195,219.5149986,0.054806004
5552,0.031647195,219.5149986,0.054806004
5553,0.058801527,393.1790448,0.077840608
5554,0.038752829,261.0218566,0.049222767
5555,0.032316005,216.585488,0.043884735
5556,0.031647195,219.5149986,0.054806004
5557,0.031647195,219.5149986,0.054806004
5559,0.042857222,284.4194485,0.092601776
5560,0.031647195,219.5149986,0.054806004
5561,0.040431083,275.6602175,0.056204685
5562,0.049085884,326.3081315,0.062955894
5563,0.031647195,219.5149986,0.054806004
5564,0.031647195,219.5149986,0.054806004
5565,0.058801527,393.1790448,0.077840608
5566,0.040845016,230.9896652,0.062615792
5568,0.046195295,310.5047826,0.064518536
5571,0.031647195,219.5149986,0.054806004
5581,0.050810037,322.1355406,0.06988774
5582,0.050722237,337.2776095,0.091567993
5583,0.042050059,267.2201673,0.051555087
5584,0.052852032,397.6190776,0.094467075
5585,0.033038678,216.8705613,0.066684138
5586,0.039763539,260.5092778,0.053610327
5587,0.043731449,283.8177722,0.059433156
5588,0.039326161,252.8880397,0.051406825
5589,0.036188762,243.6690174,0.047860212
5590,0.040771813,276.7730087,0.056562847
5591,0.032251643,213.4744426,0.042194562
5592,0.039301267,267.0047867,0.066340676
5601,0.054247272,329.9396443,0.069793756
5604,0.054736917,374.9388654,0.078594614
5606,0.040363053,291.663746,0.068840317
5607,0.030803771,205.227044,0.044949371
5609,0.035420121,195.2724721,0.052225164
5610,0.031647195,219.5149986,0.054806004
5611,0.048805131,318.5061775,0.067198178
5613,0.045929325,304.6748569,0.062364841
5621,0.046950246,303.8504682,0.059163676
5622,0.062346611,382.2356835,0.132745293
5623,0.05950839,352.4217782,0.105264806
5624,0.047199314,301.9217843,0.063064376
5627,0.04430811,324.0775295,0.079421131
5628,0.031647195,219.5149986,0.054806004
5629,0.031647195,219.5149986,0.054806004
5631,0.031647195,219.5149986,0.054806004
5632,0.033713419,212.6089605,0.04790193
5633,0.043165617,289.2352555,0.059447784
5634,0.047399873,317.7403561,0.084236417
5635,0.045578317,335.5284755,0.082882618
5636,0.047228998,304.0285255,0.065350873
5637,0.039896542,261.6550157,0.067211655
5638,0.042048056,281.0241318,0.056458515
5639,0.046471815,310.7832367,0.062442917
5640,0.03487161,230.850312,0.06870436
5642,0.048823258,313.1854764,0.066623094
5643,0.043257571,317.689844,0.078980213
5645,0.030514208,210.3058106,0.049683093
5646,0.048083149,302.117559,0.065385144
5648,0.054755593,378.1984495,0.080104965
5649,0.04229064,278.0717456,0.058831581
5650,0.028181241,180.7060701,0.05321051
5651,0.046650534,296.5444211,0.078584176
5652,0.031647195,219.5149986,0.054806004
5653,0.054923293,323.266002,0.115215603
5654,0.031647195,219.5149986,0.054806004
5655,0.058683603,392.7960706,0.076286475
5656,0.047588074,338.0768407,0.075244309
5661,0.031647195,219.5149986,0.054806004
5663,0.031647195,219.5149986,0.054806004
5665,0.031647195,219.5149986,0.054806004
5669,0.055969583,372.4627192,0.072223058
5671,0.031647195,219.5149986,0.054806004
5673,0.058801527,393.1790448,0.077840608
5674,0.031647195,219.5149986,0.054806004
5675,0.041373104,268.4023753,0.053971424
5678,0.051072268,375.0512347,0.081440815
5680,0.031647195,219.5149986,0.054806004
5683,0.031647195,219.5149986,0.054806004
5684,0.031647195,219.5149986,0.054806004
5688,0.031647195,219.5149986,0.054806004
5690,0.031647195,219.5149986,0.054806004
5692,0.031647195,219.5149986,0.054806004
5693,0.035680134,231.0482831,0.045270338
5701,0.031647195,219.5149986,0.054806004
5702,0.034060187,219.3773129,0.057546206
5703,0.056080163,324.1469531,0.110945707
5704,0.05051795,293.5609169,0.09843089
5705,0.027621245,177.3599399,0.051148762
5706,0.031647195,219.5149986,0.054806004
5707,0.043152949,309.0183573,0.068277208
5708,0.031647195,219.5149986,0.054806004
5709,0.045871008,329.2010138,0.079694149
5710,0.031647195,219.5149986,0.054806004
5711,0.049471055,364.2099838,0.090459204
5712,0.034684881,220.7390731,0.058112233
5713,0.058239991,349.7126833,0.108818865
5714,0.05512692,342.6686392,0.074165872
5715,0.039610816,250.6115733,0.067530997
5716,0.057605634,428.1860595,0.100036043
5717,0.048748989,289.3138694,0.08823005
5718,0.031766611,218.1430638,0.051088291
5719,0.042515615,257.9955863,0.049088726
5720,0.067040138,399.2102741,0.142774506
5721,0.04578226,306.4968025,0.063633118
5722,0.031647195,219.5149986,0.054806004
5723,0.041925571,270.1823697,0.052351567
5724,0.046242233,285.7922399,0.061605815
5725,0.032297814,214.8246671,0.056994844
5726,0.055423601,344.2569477,0.123964488
5727,0.03511205,233.6847055,0.047975892
5728,0.049085884,326.3081315,0.062955894
5729,0.039502488,254.9149613,0.072949247
5730,0.072236935,438.6135678,0.149278893
5731,0.054383657,328.8991737,0.117375432
5732,0.044655831,300.9779652,0.061821085
5741,0.050828237,354.714719,0.070847973
5742,0.031647195,219.5149986,0.054806004
5743,0.062346611,382.2356835,0.132745293
5744,0.050359355,325.6728064,0.06266634
5745,0.049956787,318.315161,0.062715067
5746,0.045711411,299.4988086,0.059169588
5747,0.035420121,195.2724721,0.052225164
5748,0.058683603,392.7960706,0.076286475
5749,0.049061329,335.6481953,0.07018122
5750,0.031647195,219.5149986,0.054806004
5752,0.031647195,219.5149986,0.054806004
5754,0.031647195,219.5149986,0.054806004
5755,0.058683603,392.7960706,0.076286475
5756,0.031647195,219.5149986,0.054806004
5757,0.036469694,241.448407,0.049198658
5758,0.031647195,219.5149986,0.054806004
5759,0.031647195,219.5149986,0.054806004
5760,0.031647195,219.5149986,0.054806004
5761,0.054177744,346.6732939,0.068737676
5762,0.031647195,219.5149986,0.054806004
5763,0.031647195,219.5149986,0.054806004
5764,0.039155688,264.5046255,0.054132838
5765,0.047010856,302.9636948,0.057962561
5766,0.041178526,259.7283165,0.060482601
5785,0.047685123,312.7028351,0.060169327
5790,0.031647195,219.5149986,0.054806004
5792,0.031647195,219.5149986,0.054806004
5798,0.050828237,354.714719,0.070847973
5799,0.040481928,241.3460556,0.046012398
5803,0.031647195,219.5149986,0.054806004
5804,0.033997839,237.9161129,0.070539241
5805,0.050086012,305.472392,0.067126519
5806,0.042434912,283.9564714,0.072597117
5812,0.031647195,219.5149986,0.054806004
5813,0.044196914,268.3326704,0.050494373
5816,0.031044216,206.9310138,0.041882332
5817,0.048982438,325.141542,0.0636447
5819,0.055969583,372.4627192,0.072223058
5821,0.056080163,324.1469531,0.110945707
5822,0.041014483,276.6083112,0.056085994
5827,0.031647195,219.5149986,0.054806004
5828,0.031647195,219.5149986,0.054806004
5830,0.031647195,219.5149986,0.054806004
5831,0.033580454,207.302114,0.039387054
5841,0.040584344,251.2649228,0.047366162
5842,0.043965536,280.2921319,0.05355006
5843,0.048492149,330.6118642,0.067206594
5851,0.041011284,267.35667,0.052419066
5852,0.041178526,259.7283165,0.060482601
5853,0.036822617,234.8164943,0.04460552
5854,0.053381205,353.4822304,0.068315688
5855,0.033372178,194.8656179,0.050435129
5856,0.050755917,344.9377583,0.075711422
5857,0.029345075,184.8513372,0.046504779
5858,0.031647195,219.5149986,0.054806004
5859,0.017465467,116.2221027,0.0218052
5860,0.042973842,277.2752421,0.055696008
5861,0.045522022,339.0317763,0.076588998
5862,0.031647195,219.5149986,0.054806004
5863,0.051601486,339.4203247,0.068020202
5871,0.051342103,327.8700942,0.064180046
5872,0.03942314,268.3921843,0.054760099
5873,0.049628521,343.3121572,0.089768667
5882,0.041385514,265.5160988,0.05218812
5883,0.043744073,289.2833304,0.058439127
5884,0.049858647,288.1177078,0.086423612
5885,0.046524484,296.7121404,0.06029901
5886,0.038541836,257.7869634,0.051640703
5889,0.05004657,329.3211379,0.084970868
5890,0.042600953,274.0604,0.055984203
5891,0.039390984,262.5514981,0.05148318
5892,0.044429417,287.5665598,0.075349204
5902,0.031647195,219.5149986,0.054806004
5903,0.031647195,219.5149986,0.054806004
5904,0.024702889,161.6038302,0.030864322
5905,0.062346611,382.2356835,0.132745293
5907,0.062346611,382.2356835,0.132745293
5908,0.031647195,219.5149986,0.054806004
5909,0.063944773,378.642528,0.129414482
5910,0.031647195,219.5149986,0.054806004
5911,0.031647195,219.5149986,0.054806004
5912,0.062346611,382.2356835,0.132745293
5913,0.058683603,392.7960706,0.076286475
5914,0.055423601,344.2569477,0.123964488
5919,0.058683603,392.7960706,0.076286475
5921,0.031647195,219.5149986,0.054806004
5922,0.042461477,261.0178161,0.049584755
5923,0.031647195,219.5149986,0.054806004
5924,0.031647195,219.5149986,0.054806004
5925,0.031647195,219.5149986,0.054806004
5926,0.055423601,344.2569477,0.123964488
5928,0.031647195,219.5149986,0.054806004
5929,0.046070452,291.3487477,0.060053027
5930,0.038599725,273.7434638,0.052544047
5931,0.065209506,379.2238289,0.133692019
5932,0.031647195,219.5149986,0.054806004
5933,0.031647195,219.5149986,0.054806004
5934,0.031647195,219.5149986,0.054806004
5935,0.031647195,219.5149986,0.054806004
5937,0.054177744,346.6732939,0.068737676
5938,0.048004219,303.5536221,0.064018866
5939,0.049732099,339.7149164,0.072325207
6002,0.046657033,341.5544964,0.077164074
6004,0.031647195,219.5149986,0.054806004
6007,0.043051091,321.4627822,0.078110431
6008,0.03716812,246.5461076,0.045329787
6009,0.056080163,324.1469531,0.110945707
6010,0.051234031,323.5066844,0.111099407
6011,0.031647195,219.5149986,0.054806004
6021,0.047433026,342.2944561,0.078883364
6022,0.035814115,243.8712881,0.050932887
6023,0.042848745,299.4954418,0.062591457
6024,0.041561215,268.4851855,0.05561718
6025,0.048638676,357.3852975,0.07987387
6032,0.025539533,183.7753469,0.032707948
6033,0.056080163,324.1469531,0.110945707
6034,0.034103798,236.2123719,0.05638512
6035,0.053519863,389.591149,0.09137454
6037,0.046189289,330.2471137,0.073905961
6052,0.042933418,285.1209908,0.058599343
6054,0.031647195,219.5149986,0.054806004
6056,0.031647195,219.5149986,0.054806004
6057,0.043781219,292.6998129,0.056923475
6058,0.028181241,180.7060701,0.05321051
6061,0.056080163,324.1469531,0.110945707
6076,0.046976589,318.6591831,0.067710839
6077,0.041912296,273.8177967,0.069461357
6082,0.032557171,225.4685081,0.063840458
6083,0.038912143,243.1293495,0.048978584
6084,0.049078632,300.770261,0.09260327
6087,0.026048924,148.642775,0.037594263
6089,0.043281852,289.4260005,0.074786431
6090,0.035167611,210.458054,0.043325068
6101,0.04608156,294.9788491,0.058373561
6102,0.032815721,222.3446928,0.045390122
6104,0.031647195,219.5149986,0.054806004
6109,0.040068537,268.2407479,0.057588281
6110,0.045309907,317.4435991,0.07967397
6111,0.019098588,119.1044155,0.025081808
6112,0.031647195,219.5149986,0.054806004
6113,0.022559435,137.8415356,0.03270677
6116,0.044684893,304.6659032,0.063289003
6117,0.072236935,438.6135678,0.149278893
6118,0.065696554,387.2241509,0.130849834
6119,0.044988213,286.1049469,0.077896483
6131,0.046553427,306.5111567,0.065962926
6133,0.042834938,269.3352023,0.075684755
6134,0.047508874,302.09345,0.062429182
6135,0.027265172,156.8183177,0.040310033
6136,0.035720358,236.4447847,0.048705402
6137,0.029223091,165.6978028,0.043634914
6139,0.047923022,318.4421084,0.066289136
6140,0.051999537,357.6075785,0.074335166
6141,0.028764624,177.369836,0.038064355
6142,0.030277417,204.2703735,0.045778942
6151,0.049898938,339.1321307,0.065389078
6152,0.042906336,300.9392046,0.075720193
6153,0.03813849,245.2478185,0.050440013
6154,0.023497149,141.8459945,0.037707129
6155,0.047020295,305.8125026,0.059719908
6156,0.036782712,258.4208154,0.062085974
6157,0.036326691,214.1101834,0.043664427
6158,0.028807611,179.4612345,0.038134006
6159,0.037690187,247.4593677,0.051330182
6172,0.031647195,219.5149986,0.054806004
6173,0.038110919,257.332966,0.054279939
6177,0.054044673,319.9979815,0.113195843
6181,0.05126478,350.9508689,0.072854623
6191,0.031647195,219.5149986,0.054806004
6192,0.028181241,180.7060701,0.05321051
6193,0.040842314,252.733143,0.071061429
6194,0.054923293,323.266002,0.115215603
6195,0.023940751,149.9171063,0.045005348
6197,0.032750565,219.9077852,0.064271885
6198,0.072236935,438.6135678,0.149278893
6199,0.058683603,392.7960706,0.076286475
6201,0.024548859,150.4151984,0.04592668
6202,0.031647195,219.5149986,0.054806004
6203,0.038097691,256.6948653,0.078321676
6204,0.043730456,267.7318958,0.050897884
6205,0.02228783,133.4676027,0.037935933
6211,0.040531539,259.8028269,0.062445622
6212,0.04668235,320.9017231,0.068369622
6213,0.058683603,392.7960706,0.076286475
6214,0.031647195,219.5149986,0.054806004
6215,0.036451147,254.5941676,0.057474504
6217,0.03895351,260.4761194,0.052977879
6218,0.032577518,195.8251128,0.060044237
6219,0.03634253,238.2852247,0.047420986
6220,0.031647195,219.5149986,0.054806004
6232,0.033545996,216.9918568,0.042552907
6235,0.028096654,159.2349056,0.039002765
6238,0.052993178,330.3263511,0.096664652
6239,0.058683603,392.7960706,0.076286475
6240,0.045040509,291.3388472,0.06503281
6246,0.046507085,327.9306836,0.075637743
6248,0.043842492,317.8840054,0.073372177
6252,0.041535882,287.5877396,0.065540016
6253,0.040200087,259.504538,0.065817412
6254,0.050558279,310.7334215,0.097801687
6261,0.04317769,263.0945724,0.05590646
6263,0.068949183,419.1304469,0.136074638
6265,0.050052383,320.4685448,0.070971807
6266,0.046310312,288.9174987,0.061642666
6267,0.049908068,333.7616062,0.064501629
6281,0.056080163,324.1469531,0.110945707
6282,0.031647195,219.5149986,0.054806004
6283,0.031647195,219.5149986,0.054806004
6285,0.039962399,242.7403322,0.047082357
6286,0.031647195,219.5149986,0.054806004
6287,0.056080163,324.1469531,0.110945707
6288,0.044988213,286.1049469,0.077896483
6289,0.04770678,334.6045256,0.08948095
6290,0.032778918,205.488007,0.047480154
6291,0.025161873,136.843393,0.03393606
6292,0.058683603,392.7960706,0.076286475
6293,0.03155181,204.1846211,0.061495829
6294,0.056594124,334.7343181,0.113779317
6295,0.055423601,344.2569477,0.123964488
6296,0.046921061,281.2585678,0.083321384
6297,0.039749886,260.1825011,0.06976596
6298,0.040684869,280.6588753,0.069925327
6299,0.031647195,219.5149986,0.054806004
6300,0.035749002,231.1838464,0.045038248
6404,0.0241655,149.6449791,0.038156559
6408,0.036582011,235.1613492,0.04514273
6413,0.031647195,219.5149986,0.054806004
6416,0.039785837,272.9966116,0.067601611
6417,0.026556015,167.4982907,0.037329277
6421,0.030763885,195.7658248,0.043689792
6422,0.031647195,219.5149986,0.054806004
6423,0.033712087,203.6276547,0.039872485
6432,0.041868734,275.2165573,0.054011136
6433,0.031647195,219.5149986,0.054806004
6434,0.058683603,392.7960706,0.076286475
6435,0.031647195,219.5149986,0.054806004
6436,0.034394346,221.7631901,0.047290958
6437,0.019038877,116.8833693,0.02612077
6451,0.048925268,354.1640247,0.079999474
6452,0.034916441,242.8636025,0.059573363
6453,0.04770678,334.6045256,0.08948095
6454,0.04742485,286.3128836,0.090075727
6455,0.042814493,280.8328304,0.055489385
6456,0.03716812,246.5461076,0.045329787
6458,0.027353752,171.0266695,0.040704329
6459,0.021172348,129.8255908,0.030562206
6461,0.022621076,139.4563693,0.029449303
6487,0.032207696,215.0978114,0.047207394
6504,0.019165528,120.928912,0.024371057
6511,0.024043687,134.8982802,0.035541916
6512,0.0276361,170.050441,0.034221577
6601,0.026559424,163.6872365,0.051555698
6602,0.029958297,203.148458,0.045920135
6603,0.034002824,226.6826895,0.064472907
6604,0.058683603,392.7960706,0.076286475
6605,0.032390118,212.2987049,0.063124955
6606,0.051670067,302.7635451,0.102709144
6607,0.043253638,295.0366065,0.058867634
6608,0.033168873,226.2324951,0.0515069
6609,0.056080163,324.1469531,0.110945707
6610,0.049078632,300.770261,0.09260327
6611,0.041839217,252.3987026,0.070349705
6612,0.040731211,246.795578,0.070063872
6613,0.035124469,235.0565094,0.049213295
6614,0.056080163,324.1469531,0.110945707
6615,0.055240987,321.1438683,0.100691887
6616,0.043694869,323.1599562,0.076352675
6617,0.041818261,264.3354401,0.076222381
6618,0.054145226,306.3233743,0.091386104
6619,0.037982891,252.8561202,0.068999638
6620,0.030410409,195.958483,0.057379366
6621,0.033848529,223.6791185,0.053334462
6622,0.04707603,279.2452707,0.081897618
6623,0.029134697,194.3821083,0.04854674
6624,0.056080163,324.1469531,0.110945707
6625,0.042845115,296.2589123,0.073414346
6626,0.052809667,304.8502632,0.099809511
6627,0.067040138,399.2102741,0.142774506
6628,0.039935732,262.6636841,0.071649226
6629,0.053635929,316.2361172,0.098752657
6630,0.039425749,265.2819642,0.067610951
6631,0.043729239,284.5204103,0.073687256
6632,0.031453025,211.2304272,0.045512445
6633,0.037275744,256.0354315,0.062192888
6634,0.02686723,185.1939779,0.041028278
6635,0.046520907,298.3033502,0.083178912
6636,0.052037653,300.7257876,0.101161533
6637,0.030715849,208.6212069,0.05588256
6638,0.03418967,226.1784051,0.057727371
6639,0.041834141,281.1597839,0.070365154
6640,0.049055794,347.4340976,0.075876631
6641,0.033544213,230.0794115,0.06479726
6642,0.044688025,285.5044051,0.078261087
6643,0.03719833,267.1468784,0.062398627
6644,0.04296004,267.5228777,0.073752524
6645,0.041735939,260.2446521,0.075762151
6702,0.041261038,245.3260614,0.072643261
6703,0.044988213,286.1049469,0.077896483
6704,0.056080163,324.1469531,0.110945707
6706,0.049272265,357.3632951,0.089870109
6708,0.021660202,135.3537029,0.02788468
6709,0.040803386,280.6720826,0.066001394
6710,0.051601486,339.4203247,0.068020202
6711,0.03843101,250.8850003,0.048714595
6712,0.035387117,232.592103,0.046414635
6713,0.031647195,219.5149986,0.054806004
6715,0.039958932,253.2426552,0.081362305
6716,0.031647195,219.5149986,0.054806004
6718,0.031647195,219.5149986,0.054806004
6719,0.033447166,218.7223916,0.039591187
6721,0.031647195,219.5149986,0.054806004
6722,0.054044673,319.9979815,0.113195843
6724,0.036844169,227.5022488,0.074177819
6729,0.035239719,232.5270558,0.053319978
6730,0.043674334,294.7209467,0.058267929
6741,0.031647195,219.5149986,0.054806004
6742,0.03506262,234.875042,0.064611712
6743,0.047846127,348.4264445,0.085244036
6745,0.056080163,324.1469531,0.110945707
6748,0.04434731,276.4758204,0.075945943
6750,0.025539533,183.7753469,0.032707948
6751,0.058683603,392.7960706,0.076286475
6753,0.05157654,373.7616651,0.089739952
6754,0.042040204,279.9296695,0.0569603
6757,0.043112083,278.2493394,0.052874103
6758,0.044988213,286.1049469,0.077896483
6759,0.031647195,219.5149986,0.054806004
6771,0.043540197,287.6137172,0.058362223
6774,0.035615635,245.2436904,0.047816804
6778,0.028907959,174.4496048,0.04402739
6781,0.024711233,149.6305709,0.042355176
6782,0.058683603,392.7960706,0.076286475
6783,0.058683603,392.7960706,0.076286475
6784,0.037932851,251.3023377,0.049513089
6785,0.049159683,350.9904892,0.086842765
6789,0.031647195,219.5149986,0.054806004
6790,0.046766982,309.3470888,0.067039661
6792,0.043135462,286.686226,0.055747114
6800,0.040614308,265.2593113,0.057531941
6806,0.031647195,219.5149986,0.054806004
6807,0.031647195,219.5149986,0.054806004
6808,0.025718947,172.91662,0.042126889
6809,0.039527509,264.6890052,0.055006142
6810,0.04062082,243.1578301,0.049473901
6811,0.058683603,392.7960706,0.076286475
6812,0.031647195,219.5149986,0.054806004
